ABDYE|ABDY
ADAMES|ADAMS
ADDAMES|ADAMS
ALBANYE|ALBANY
ALCOCKE|ALCOCK
ALDERIDGE|ALDRIDGE
ALDERSEYE|ALDERSEY
ALDRICHE|ALDRICH
ALESTREE|ALSTREE
ALFORDE|ALFORD
ALINGTON|ALLINGTON
ALISTOINE|ALISTON
ALISTONE|ALISTON
ALKINES|ALKINS
ALLABLASTER|ALABLASTER
ALLEYN|ALLEN
ALLINE|ALLEN
ALLINSON|ALLENSON
ALLYN|ALLEN
ALLYSON|ALLISON
ALSOPPE|ALSOPP
ALYNGTON|ALLINGTON
AMERIE|AMERY
AMERYE|AMERY
AMYAS|AMES
AMYES|AMES
ANDREWES|ANDREWS
ANDROSE|ANDREWS
ANDROWES|ANDREWS
ANDRO|ANDREW
ANTHONIE|ANTHONY
ANTHONYE|ANTHONY
ANWICKE|ANWICK
APLEGATE|APPLEGATE
APPLEBYE|APPLEBY
APPRICE|APRICE
APRYCE|APRICE
ARCHEDALE|ARCHDALE
ARMATREDINGE|ARMATREDING
ARMESTRONGE|ARMSTRONGE
ARONDELL|ARUNDELL
ASHEBY|ASHBY
ASHEMORE|ASHMORE
ASHETON|ASHTON
ASKE|ASK
ATKINES|ATKINS
ATKINSONE|ATKINSON
ATKYNSON|ATKINSON
ATKYNS|ATKINS
ATTKINSON|ATKINSON
AUNSELL|ANSELL
AUSTINE|AUSTEN
AUSTYNE|AUSTEN
AUSTYN|AUSTEN
AVERIE|AVERY
AWBREY|AUBREY
AWDELEY|AUDLEY
AWDLEY|AUDLEY
AWDRY|AYDREY
AYLEWARD|ALEWARD
BABYNGTON|BABINGTON
BACKHOWSE|BACKHOUSE
BADCOKE|BADCOCK
BAGSHAWE|BAGSHAW
BALDWINE|BALDWIN
BALLE|BALL
BANCKES|BANKS
BANCKE|BANK
BANESTER|BANNISTER
BANES|BAINES
BANKES|BANKS
BANNESTER|BANNISTER
BANNYNGE|BANNINGE
BANNYSTER|BANNISTER
BARBOR|BARBER
BAREFELDE|BAREFELD
BARFOOTE|BAREFOOT
BARLOWE|BARLOW
BARLO|BARLOW
BARNARDE|BARNARD
BARNERD|BARNARD
BARNESDALE|BARNSDALE
BARNESLEY|BARNSLEY
BARRET|BARRETT
BARROWE|BARROW
BARTILMEUE|BARTILMEW
BARTLET|BARTLETT
BATHERST|BATHURST
BATTES|BATES
BATTILL|BATTELL
BAYLYE|BAYLEY
BAYNES|BAINES
BEALE|BEAL
BEAMOND|BEAUMONT
BEANE|BEAN
BEASTE|BEAST
BECKET|BECKETT
BECKYLLES|BECKILLS
BEDLE|BEADLE
BEERE|BEER
BEES|BEESE
BELLOMYE|BELLAMY
BENDLOWES|BENLOWES
BENINGEFILDE|BENINGFIELD
BENNET|BENNETT
BENNE|BEAN
BENYNGE|BENNING
BENYON|BENION
BERRYE|BERRY
BESSE|BEESE
BESTOWE|BESTOW
BETTES|BETTS
BIGGES|BIGGS
BILLINGESLEY|BILLINGSLEY
BINCKES|BINCKS
BIRDE|BIRD
BISHOPP|BISHOP
BLACKWAYE|BLACKWAY
BLANCK|BLANK
BLANDE|BLAND
BLEWE|BLUE
BLOUNT|BLUNT
BLUNTE|BLUNT
BLYNCKERNE|BLINCKERNE
BODDYE|BODYE
BODLEIGH|BODLEY
BODYE|BODEY
BONDE|BOND
BONEVANT|BONNEVANT
BONTINGE|BONTING
BOOTHBYE|BOOTHBY
BORNAME|BORNAM
BORNE|BOURN
BOURNE|BOURN
BOWDELER|BOWDLER
BOWER|BOWYER
BOWLDER|BOULDER
BOWLINGE|BOWLING
BOWLTINGE|BOLTINGE
BOWRES|BOWERD
BOWRE|BOWER
BOWRYE|BOWRY
BOXE|BOX
BOYCE|BOISE
BOYER|BOWYER
BOYSE|BOISE
BRADBORNE|BRADBORN
BRADGAT|BRADGATE
BRADSHAWE|BRADSHAW
BRAGGE|BRAGG
BRANCHE|BRANCH
BRANDE|BRAND
BRAUNCHE|BRANCH
BRAWNE|BRAWN
BRAYE|BRAY
BREAME|BREAM
BRESSIE|BRESSY
BREWAR|BREWER
BREWYN|BREWIN
BROCKBANCKE|BROCKBANK
BROKEBANCKE|BROCKBANK
BROKEBANKE|BROCKBANK
BROKE|BROCK
BROKMAN|BROOKMAN
BROMLYE|BROMLEY
BROOKE|BROOK
BROUGHE|BROUGH
BROWNESMYTHE|BROWNESMITH
BROWNE|BROWN
BRYAN|BRIAN
BRYGGES|BRIGGES
BUCKE|BUCK
BULLOCKE|BULLOCK
BURDE|BIRD
BURD|BIRD
BURGESSE|BURGESS
BURGES|BURGESS
BURGOIGNE|BURGOYNE
BURTE|BURT
BUSBYE|BUSBY
BUSHE|BUSH
BUSSHE|BUSH
BYGGES|BIGGES
BYGMORE|BIGMORE
BYLLINGS|BILLINGS
BYLLINGTON|BILLINGTON
BYLL|BILL
BYNCKES|BINCKES
BYNDE|BIND
BYND|BIND
BYNGAM|BINGAM
BYNGHAM|BINGHAM
BYNNELL|BINNELL
BYNNEON|BINNON
BYNNYMAN|BINNIMAN
BYRDE|BIRD
BYRD|BIRD
BYSHOPP|BISHOPP
BYSSEYE|BISSEYE
BYSSHOPP|BISHOP
BYTTENSON|BITTENSON
CADYE|CADY
CALDWALL|CALDWELL
CALDYCOT|CALDICOT
CALLOWAYE|CALLOWAY
CALTHORPE|CALTHORP
CALTHORPP|CALTHORP
CALTHROPE|CALTHORP
CALTHROPP|CALTHORP
CALTHROP|CALTHORP
CAMBELL|CAMPBELL
CAMPE|CAMP
CAMPYON|CAMPION
CANE|CANN
CANNE|CANN
CARELES|CARELESS
CAREWE|CAREW
CARLETON|CARLTON
CARNABIE|CARNABY
CARPINTER|CARPENTER
CARRE|CARR
CARRYLL|CARROLL
CARTWRIGHTE|CARTWRIGHT
CAVERLEY|CAVERLY
CAWDWELL|CALDWELL
CAWLDWELL|CALDWELL
CAYNE|CAINE
CHAIRE|CHAIR
CHALINOR|CHALLENOR
CHALLONER|CHALLENOR
CHAMBERLEYN|CHAMBERLAIN
CHAMBERLIN|CHAMBERLAIN
CHAPPMAN|CHAPMAN
CHARLETON|CHARLTON
CHARLEWOOD|CHARLWOOD
CHAUNDLER|CHANDLER
CHAUNTRELL|CHANTRELL
CHAWNER|CHANDLER
CHEKE|CHEEKE
CHERYOTT|CHERIOTT
CHESTRE|CHESTER
CHESWICK|CHISWICK
CHILDERSLEY|CHILDERSLY
CHRYSTOFER|CHRISTOFER
CLAITON|CLAYTON
CLARCKE|CLARK
CLARCK|CLARK
CLARKE|CLARK
CLATTERBOCK|CLUTTERBUCK
CLERCKE|CLERK
CLERCK|CLERK
CLERKE|CLERK
CLETHEROLL|CLITHEROW
CLETHEROWE|CLITHEROW
CLEYBROOKE|CLAYBROOK
CLEYTON|CLAYTON
CLOUGHE|CLOUGH
CLOUNEY|CLOONEY
CLUTTERBOOKE|CLUTTERBUCK
CLYFFE|CLIFF
CLYFFORDE|CLIFFORD
CLYNCHE|CLINCHE
CLYNT|CLINT
COALE|COAL
COBBE|COBB
COCKES|COX
COCKE|COCK
COCKSHED|COCKSHEAD
COCLEY|COCKLEY
COGGEN|COGGAN
COKXE|COKES
COLBYE|COLBY
COLLETTE|COLLETT
COLLET|COLLETT
COLLYER|COLLIER
COLLYMORE|COLLIMORE
COLLYNS|COLLINS
COLSTONNE|COLSTON
COMMYN|COMMON
CONSTANTYNE|CONSTANTINE
CONVARSE|CONVERSE
CONWAYE|CONWAY
CONWEY|CONWAY
COOKE|COOK
COOLE|COOLEY
COPLESTONE|COPPLESTONE
COPPYNGER|COPPINGER
CORBET|CORBETT
CORDALL|CORDELL
CORNEWALLIS|CORNWALLIS
CORNEWELL|CORNWALL
CORNYLLE|CORNHILL
CORNYSHE|CORNISHE
COSEN|COUSIN
COTESFORD|COTTESFORD
COWDRYE|COWDRY
COWLY|COWLEY
COWRTNEY|COURTNEY
COXE|COX
COZEN|COUSIN
CRAIFORD|CRAFFORD
CRANEFEILD|CRANEFIELD
CRATHORNE|CRATHORN
CREAKE|CREAK
CREECKEPLACE|CREEKPLACE
CRESSYE|CRESSY
CREWE|CREW
CROFTES|CROFTS
CROKE|CROCK
CROSSELEY|CROSLEY
CROSSE|CROSS
CROSSHAWE|CROWSHAW
CROWCHE|CROUCH
CROWE|CROW
CRUCHELEY|CRUCHLEY
CRYPPES|CRIPPES
CULLYMORE|CULMORE
CURTESSE|CURTIS
CURTES|CURTIS
CURTYS|CURTIS
CYOLL|CIOLL
DAELLE|DALLE
DAFFYE|DAFFY
DALBYE|DALBY
DALLEYE|DALEY
DAMPORTE|DAMPORT
DANIELL|DANIEL
DANYELL|DANIEL
DARCEY|DARCY
DARCIE|DARCY
DASONE|DASON
DAUNSER|DANCER
DAVENAUNTE|DAVENANT
DAVENET|DAVENANT
DAVES|DAVIES
DAVIS|DAVIES
DAVYES|DAVIES
DAVYS|DAVIES
DAWBENEY|DAWBNEY
DAWSE|DANCE
DAYE|DAY
DAYSSEY|DAISSEY
DEANE|DEAN
DELWORTHE|DELWORTH
DENNYS|DENNIS
DEVYCK|DEVICK
DEWISE|DEWES
DEWSBERIE|DEWSBERRY
DICKINSON|DICKENSON
DICONS|DICKENS
DIRRICK|DERRICK
DIXSON|DIXON
DODDESWORTHE|DODDSWORTH
DODDE|DODD
DODDINGE|DODDING
DODGESON|DODGSON
DONKERLEY|DUNKERLY
DORRET|DORRETT
DOWE|DOW
DOWSSE|DOWSE
DOWTYE|DOWTY
DOXYE|DOXY
DREWE|DREW
DRUERY|DRURY
DUCKET|DUCKETT
DUCKYNTON|DUCKINTON
DUDLYE|DUDLEY
DUNCOMBE|DUNCOMB
DUNKYN|DUNKIN
DUNSCOMBE|DUNSCOMB
DURANT|DURRANT
DYAPER|DIAPER
DYCHAR|DITCHER
DYCKYNSON|DICKENSON
DYMMOCKE|DIMMOCKE
DYNER|DINNER
DYSNEY|DISNEY
DYTTON|DITTON
EARDELYE|EARDLY
EARLYE|EARLY
EDMONDES|EDMUNDS
EDMUNDE|EDMUND
EDWARDES|EDWARDS
EDWARDE|EDWARD
EDWYN|EDWIN
EGERTON|EDGERTON
EGLESTON|EAGLESTON
ELCOCKE|ELCOCK
ELDRYDGE|ELDRIDGE
ELESWORTH|ELLSWORTH
ELKEN|ELKIN
ELKYN|ELKIN
ELLIES|ELLIS
ELLSINGE|ELLSING
ELLYATT|ELLIOTT
ELLYFE|ELLIFE
ELLYOTTES|ELLIOTTS
ELLYOTT|ELLIOTT
ELMESMORE|ELMSMORE
ELWAYES|ELWAYS
ELWYCK|ELWICK
ELYE|ELY
EMERYE|EMORY
EVEASON|EVESON
EVERSLEY|EVERSLY
EVERYE|EVERY
FAIRECLOUGHE|FAIRCLOUGH
FALDOE|FALDO
FANSHAWE|FANSHAW
FARINGTON|FARRINGTON
FARRER|FARRAR
FARROWE|FARROW
FARRYNGTON|FARRINGTON
FARTLOWE|FARTLOW
FAULKE|FALKE
FAUNTE|FAUNT
FAWCET|FAWCETT
FAWKENER|FAULKNER
FAWLKENER|FAULKNER
FAYRMANERS|FAIRMANNERS
FEAKE|FEAK
FEELDE|FIELD
FEILD|FIELD
FELLES|FELLS
FERMER|FARMER
FETHERSTONE|FEATHERSTON
FETIPLACE|FETTIPLACE
FICHE|FITCHE
FIELDE|FIELD
FINCHE|FINCH
FISHE|FISH
FITZEWILLIAMS|FITZ WILLIAMS
FITZWILLIAMS|FITZ WILLIAMS
FLEMINGE|FLEMMING
FLEMMYNG|FLEMMING
FLEMYNGE|FLEMMING
FLICKE|FLICK
FLINTE|FLINT
FLOODE|FLOOD
FLORAUNCE|FLORENCE
FLORRYE|FLORRY
FLOUDD|FLOOD
FLUDDE|FLOOD
FLUDD|FLOOD
FLYNT|FLINT
FOORDE|FORD
FOORD|FORD
FOOTE|FOOT
FORDE|FORD
FOREST|FORREST
FORMAN|FOREMAN
FORSTER|FORRESTER
FOTE|FOOTE
FOUNTAYNE|FOUNTAINE
FOWLKES|FOLKES
FOXE|FOX
FRAMTON|FRAMPTON
FRANCKE|FRANK
FRANCKLANDE|FRANKLAND
FRANCKLIN|FRANKLIN
FRANCKLYN|FRANKLIN
FRANKE|FRANK
FRAUNCES|FRANCIS
FRAUNCIS|FRANCIS
FREMAN|FREEMAN
FRENCHE|FRENCH
FREND|FRIEND
FRESHINGFILDE|FRESSINGFEILD
FRESINGEFEILD|FRESSINGFEILD
FRETHREN|FRETHERN
FRIER|FRIAR
FROGNOLL|FROGNALL
FROSTE|FROST
FROSTONE|FROSTON
FROWME|FROWM
FRYER|FRIAR
FRYNDGE|FRENDIDGE
FRYTHE|FRITH
FUELLEN|FLUELLEN
FULWOOD|FULLWOOD
FURNEYS|FURNESS
FURSTLANDE|FURSTLAND
FYGGE|FIGGE
FYLDE|FIELD
FYNCHE|FINCH
FYSHER|FISHER
FYSHE|FISH
FYSSHER|FISHER
FYTCHETT|FITCHETT
FYTCHE|FITCHE
FYXER|FIXER
GADBURYE|GADBURY
GALLES|GALLS
GALLE|GALE
GALLOWAIE|GALLOWAY
GALLOWAYE|GALLOWAY
GALLYS|GALLS
GAMAGE|GAMADGE
GARDENER|GARDNER
GARDINAR|GARDNER
GARDINER|GARDNER
GARDYNER|GARDNER
GARFEILD|GARFIELD
GARLIKE|GARLICK
GARNET|GARNETT
GARRARDE|GARRARD
GARRATT|GARRETT
GARRAWAYE|GARROWAY
GARRAWAY|GARROWAY
GARRET|GARRETT
GARTHE|GARTH
GASKYN|GASKIN
GAWYN|GAVEN
GAYE|GAY
GENNYNGES|JENNINGS
GEST|GUEST
GIBBENS|GIBBINS
GIBSONE|GIBSON
GIFFORDE|GIFFORD
GILBERTE|GILBERT
GILBERTT|GILBERT
GILBORNE|GILBORN
GILLATT|GILLETT
GILLIBRANDE|GILLIBRAND
GILLMAN|GILMAN
GIPPES|GIPPS
GITTINGES|GITTINGS
GLASCOCKE|GLASCOCK
GLASSOPP|GLASSOP
GODFREYE|GODFREY
GOD|GOAD
GOLDERIDGE|GOLDRIDGE
GOLDE|GOLD
GOLDINGE|GOLDING
GONSTON|GUNSTON
GOODRIDGE|GOODRICH
GOODWIN|GODWIN
GOODWYN|GODWIN
GOODYEARE|GOODYEAR
GOOFFE|GOUGH
GOORE|GORE
GOOTTES|GOOTS
GOSLYNGE|GOSLING
GOULDE|GOULD
GRANAWAYE|GRANAWAY
GRANTAM|GRANTHAM
GRAUNGE|GRANGE
GRAUNTE|GRANT
GRAVENER|GRAVENOR
GRAYE|GRAY
GREANEBANCKE|GREANEBANK
GREENE|GREEN
GREGORIE|GREGORY
GRENEHAM|GREENHAM
GRENEWOOD|GREENEWOOD
GRENE|GREEN
GRESSHAM|GRESHAM
GREY|GRAY
GRIFFINE|GRIFFIN
GRIFFINN|GRIFFIN
GRIGGES|GRIGGS
GRYFFEN|GRIFFIN
GRYFFIN|GRIFFIN
GRYFFITHE|GRIFFITH
GRYFFYN|GRIFFIN
GRYFFYTHE|GRIFFITH
GRYMES|GRIMES
GRYMSHAWE|GRIMSHAW
GRYNE|GRINE
GUNTER|GUNTHER
GURNARDE|GURNARD
GUYE|GUY
GUYLE|GUILE
GWYNE|GWYNN
GYBSON|GIBSON
GYLBERT|GILBERT
GYLBORNE|GILBORN
GYLES|GILES
GYLL|GILL
GYLMORE|GILMORE
GYLMYN|GILMAN
GYMBER|GIMBER
GYMLETT|GIMLETT
GYNNE|GINN
GYTTENS|GITTENS
GYTTONS|GITTENS
GYTTYNS|GITTENS
HADDOCKE|HADDOCK
HADWINE|HADWIN
HAIEFIELD|HAYFIELD
HALLE|HALL
HALLYWAYE|HALLOWAY
HAMERSLEY|HAMMERSLEY
HAMONDE|HAMMOND
HAMOND|HAMMOND
HAMON|HAMMON
HAMOR|HAMMOR
HANBURIE|HANBURY
HANDBURYE|HANBURY
HANDBURY|HANBURY
HANDCOCKE|HANCOCKE
HANDSLIPPE|HANDSLIP
HANFORDE|HANFORD
HANKYE|HANKY
HANKYNSON|HANKINSON
HARBERT|HERBERT
HARBYE|HARBY
HARCOT|HARCOTT
HARDCASTELL|HARDCASTEL
HARDIE|HARDY
HARDINGE|HARDING
HARDWYCK|HARDWICK
HARISON|HARRISON
HARKAR|HARKER
HARLAKINGTON|HARLAKENDEN
HARLOWE|HARLOW
HARREAT|HARIOT
HARRYAT|HARIOT
HARRYSON|HARRISON
HARRYS|HARRIS
HARTE|HART
HARVEYE|HARVEY
HARVYE|HARVEY
HARVY|HARVEY
HASELLDONE|HASELDON
HASELLWOOD|HASELWOOD
HASELL|HAZELL
HASELWOOD|HAZELWOOD
HASILE|HASEL
HASILWOOD|HASELWOOD
HASKYNSON|HASKINSON
HATCHEMAN|HATCHMAN
HAWARDE|HOWARD
HAWARD|HOWARD
HAWKEFFORD|HAWKFORD
HAWKYNS|HAWKINS
HAWSE|HAWES
HAWYS|HAWES
HAYNES|HAINES
HAYWARDE|HAYWARD
HEATHE|HEATH
HEGES|HEDGES
HEMYNGE|HEMINGE
HENSHAWE|HENSHAW
HERBERTT|HERBERT
HERDSON|HEARDSON
HERNE|HEARNE
HERRYNGE|HERRING
HEWARD|HAYWARD
HEWES|HUGHES
HEWETT|HEWITT
HEWET|HEWITT
HEWSON|HUGHSON
HEYBORNE|HAYBORN
HEYDON|HAYDON
HEYLYE|HEYLY
HEYNES|HAINES
HEYWARD|HAYWARD
HICKESON|HICKSON
HICKES|HICKS
HICSON|HICKSON
HIDE|HYDE
HIGBED|HIGHBED
HIGGES|HIGGS
HIGGYNS|HIGGINS
HIGHLORDE|HIGHLORD
HILIARD|HILLIARD
HILLES|HILLS
HILLE|HILL
HINAGE|HENEAGE
HINCHEPOOLE|HINCHPOOL
HINDE|HIND
HIPWORTHE|HIPWORTH
HITCHECOCKE|HITCHCOCK
HIXE|HICKS
HOIIOWAYE|HOIIOWAY
HOBSONN|HOBSON
HODGEKINSON|HODGKINSON
HODGESON|HODGSON
HOLBROKE|HOLBROOKE
HOLDON|HOLDEN
HOLDSWORTHE|HOLDSWORTH
HOLLANDE|HOLLAND
HOLLDEN|HOLDEN
HOLLIDAIE|HOLLIDAY
HOLLOWAYE|HOLLOWAY
HOLLYDAYE|HOLLIDAY
HOLMEADE|HOLMEAD
HOLMELEYE|HOLMLEY
HOLTE|HOLT
HOMDEN|HOLMDEN
HOMERTON|HOMMERTON
HOMES|HOLMES
HONYS|HONIS
HOPKYNS|HOPKINS
HORNEBLOWE|HORNBLOW
HORNE|HORN
HORSEPOOLE|HORSEPOOL
HORSSEY|HORSEY
HOTTOFFE|HOTOFF
HOUGHE|HOUGH
HOWSE|HOUSE
HUBBERD|HUBBARD
HUBBLETHWAYTE|HUBBLETHWAITE
HUBLETHWAITE|HUBBLETHWAITE
HUISHE|HUSH
HUMFREY|HUMPHREY
HUNINGBORNE|HUNNINGBORNE
HUNLOCKE|HUNLOCK
HUNNYNGE|HUNNINGE
HUNTE|HUNT
HUNTT|HUNT
HYBBY|HIBBY
HYGGENS|HIGGINS
HYGGYNS|HIGGINS
HYLLES|HILLS
HYLLMAN|HILLMAN
HYLL|HILL
HYNCHE|HINCH
HYNDE|HINDE
HYTCHCOCK|HITCHCOCK
HYTCHENSON|HITCHENSON
HYTCHEN|HITCHIN
HYTCHIN|HITCHIN
IESSON|JESSON
INCENT|INNOCENT
INDEE|INDY
INGRAME|INGRAM
INGROME|INGRAM
IRELANDE|IRELAND
ISAACK|ISAAC
ISBERT|ISBART
ISBURDE|ISBURD
JACKESON|JACKSON
JARVYS|JARVIS
JAXSON|JACKSON
JEFFERYE|JEFFREY
JENKINGES|JENKINS
JENNINGES|JENNINGS
JENNYNGES|JENNINGS
JENX|JENCKS
JENYNGES|JENNINGS
JOANES|JONES
JOANS|JONES
JOHNES|JONES
JON|JOHN
JOYNER|JOINER
KEALE|KEAL
KEBLE|KEABLE
KEELINGE|KEELING
KELEY|KELLEY
KELING|KEELING
KELKE|KELK
KELLYTT|KELLETT
KELTRYDGE|KELTRIDGE
KEMPE|KEMP
KENESTONE|KENESTON
KENNYNGHAM|KENNINGHAM
KENTE|KENT
KENTYSH|KENTISH
KENVYNE|KENVINE
KERBYE|KIRBY
KERKEHAM|KIRKHAM
KERRE|KERE
KETTLEWOODE|KETTLEWOOD
KEYE|KEY
KIDDYE|KIDDY
KILLINGWORTHE|KILLINGWORTH
KINGEFFELD|KINGFIELD
KINGE|KING
KINGFFEILD|KINGFIELD
KINGSELEYE|KINGSLEY
KIRWYN|KIRWIN
KYBBLEWHYTE|KIBBLEWHITE
KYDDE|KIDD
KYLBYE|KILBYE
KYMBER|KIMBER
KYNDON|KINDON
KYNGE|KING
KYNGSLAYE|KINGSLEY
KYNGSLONDE|KINGSLAND
KYNNERSLEY|KINNERSLEY
KYRK|KIRK
KYSTER|KISTER
KYTCHEN|KITCHEN
KYTCHIN|KITCHIN
LACEY|LACY
LACYE|LACY
LAIER|LAYER
LAMBERTE|LAMBERT
LAMBE|LAMB
LANDETHE|LANDETH
LANYSON|LANISON
LARKE|LARK
LARKINE|LARKIN
LAURENCE|LAWRENCE
LAWE|LAW
LAWNDE|LAUND
LAYE|LAY
LAYFEILD|LAYFIELD
LAYVENHAM|LAVENHAM
LEA|LEE
LEECHE|LEACH
LEKE|LEEKE
LETCHWORTHE|LETCHWORTH
LETHER|LEATHER
LEVER|LEAVER
LEWES|LEWIS
LEWYS|LEWIS
LEYCROFTE|LAYCROFT
LEY|LAY
LIGHTFOOTE|LIGHTFOOT
LISBYE|LISBEY
LITCHFEILDE|LITCHFIELD
LLOYDE|LLOYD
LOCKEYE|LOCKEY
LOFTYS|LOFTES
LONGE|LONG
LORDE|LORD
LORDINGE|LORDING
LOUNDE|LOWND
LOVELAS|LOVELESS
LUCAR|LUCKER
LUDBROOKE|LUDBROOK
LUNTLOWE|LUNTLOW
LUTWICHE|LUTWICH
LYESTER|LISTER
LYFFE|LIFF
LYLLYE|LILLY
LYNCHE|LYNCH
LYNTFORD|LINTFORD
LYON|LION
LYTCHFEILDE|LITCHFIELD
LYTCHFELDE|LITCHFIELD
LYTTLER|LITTLER
LYVERS|LIVERS
MACKERITHE|MACKRITH
MADDOCKE|MADDOCK
MADDOXE|MADDOX
MADOCKE|MADOCK
MADOXE|MADDOX
MAHEWE|MAHEW
MAIE|MAY
MAIOR|MAYOR
MAKEPEASE|MAKEPEACE
MALBYE|MALBY
MALINE|MALIN
MALLOWES|MALLOWS
MALYN|MALIN
MANINGHAM|MANNINGHAM
MANLYE|MANLEY
MANNINGE|MANNING
MANNYNGE|MANNING
MANOR|MANNOR
MAN|MANN
MARBECKE|MARBECK
MARBURYE|MARBURY
MARGETSON|MARGARETSON
MARLINE|MARLIN
MARROWE|MARROW
MARRYAT|MARRIOTT
MARRYON|MARION
MARSHE|MARSH
MARTEN|MARTIN
MARTINE|MARTIN
MARTYNNE|MARTIN
MARTYN|MARTIN
MARVYN|MARVIN
MARYATT|MARIOTT
MARYOT|MARIOTT
MASSYE|MASSEY
MATHEWE|MATTHEW
MATYSON|MATTISON
MAUNSELL|MANSELL
MAUNSFYLD|MANSFIELD
MAWRICE|MAURICE
MAYE|MAY
MAYNARDE|MAYNARD
MEDCALFE|MEDCALF
MELLOWES|MELLOWS
MEMPRYSE|MEMPRISE
MERCHAUNT|MERCHANT
MEREDITHE|MEREDITH
MERES|MEERES
MERRYCKE|MERRICK
MERRYE|MERREY
MERYDETH|MERIDITH
MERYFEILD|MERRIFIELD
MEYR|MEYER
MIDLEBROOKE|MIDDLEBROOK
MIDLETON|MIDDLETON
MILDMAYE|MILDMAY
MILLESENT|MILLICENT
MILLES|MILLS
MODYE|MOODY
MOLDE|MOLD
MONCK|MONK
MONGOMERY|MONTGOMERY
MONSLOWE|MONSLOW
MONYNGTON|MONNINGTON
MOODIE|MOODY
MOORTON|MORTON
MORE|MOORE
MORGAINE|MORGAN
MORISON|MORRISON
MORRYS|MORRIS
MOSELEY|MOSLEY
MOTHE|MOTH
MOUNSEY|MUNSEY
MOUNSON|MONSON
MOUNTAGNE|MOUNTAIGNE
MOUNTJOYE|MOUNTJOY
MOURTON|MORTON
MOWMFORD|MUMFORD
MOWNFFEILD|MUMFIELD
MOWNSLOWE|MOUNSLOW
MOWSE|MOUSE
MUDESLEY|MUDDSLEY
MUFFET|MUFFETT
MUNDAYE|MUNDAY
MURFFEN|MURFEN
MURRYN|MURRIN
MUSCHAMPE|MUSCHAMP
MUTCHSHOTTE|MUTCHSHOT
MYLES|MILES
MYLLER|MILLER
MYLLES|MILLS
MYLLS|MILLS
MYLL|MILL
MYLNER|MILNER
MYLWARDE|MILWARD
MYLWARD|MILWARD
MYNORS|MINORS
NAILER|NAILOR
NASHE|NASH
NAWTON|NAUGHTON
NAYLOR|NAILOR
NEALE|NEAL
NEDEHAM|NEEDHAM
NEGOOSE|NEGOSE
NETTELLES|NETTLES
NEVELL|NEVILL
NEWBERYE|NEWBERRY
NEWBOLDE|NEWBOLD
NEWCOME|NEWCOM
NEWDICKE|NEWDICK
NEWSAME|NEWSOM
NICCOLLES|NICHOLLS
NICHOLLES|NICHOLLS
NICOLAS|NICHOLAS
NICOLSON|NICHOLSON
NIXSON|NIXON
NOCKES|NOCKS
NODDINGE|NODDING
NOGAYE|NOGAY
NOKES|NOAKES
NOONE|NOON
NORFFOLKE|NORFOLK
NORTRIGE|NORTHRIDGE
NUTHED|NUTHEAD
NYCCOLES|NICHOLLS
NYCHOLLES|NICHOLLS
NYCHOLLS|NICHOLLS
ODWAIE|ODWAY
OFELL|OFFELL
OFFELEY|OFFLEY
OFLEY|OFFLEY
OKELEY|OAKLEY
OKELYE|OAKLEY
OKEOVER|OAKOVER
OLLIVER|OLIVER
OLLYFFE|OLIVE
ONYON|ONION
ORMESHAWE|ORMESHAW
OSBOLSTON|OSBALDESTON
OSBORNE|OSBORN
OSWYN|OSWIN
OTTEWELL|OTWELL
OTTORBORNE|OTTERBORNE
OWIN|OWEN
OWLDHAM|OLDHAM
OWLDON|OLDON
OWNSTED|OLMSTED
OWSLEYE|OWLSLEY
OWYNE|OWEN
OWYN|OWEN
PADGE|PAGE
PADYE|PADDY
PARADICE|PARADISE
PARADYNE|PARADINE
PARKES|PARKS
PARKE|PARK
PARKHERSTE|PARKHURST
PARKINES|PARKINS
PARKYNS|PARKINS
PARNAME|PARNHAM
PARPOYNTE|PIERPOINT
PARRAMORE|PARAMORE
PARRATT|PARROTT
PARRAT|PARROTT
PARREL|PARRELL
PARRETT|PARROTT
PARRE|PARR
PARRIE|PARRY
PARRIS|PARIS
PARTICHE|PARTRIDG
PARYSHE|PARISH
PASFEILD|PASFIELD
PASKYNS|PASKINS
PATRICKE|PATRICK
PATTSONN|PATTSON
PAVYE|PAVYY
PAWLE|PAUL
PAWSON|PAULSON
PAYNE|PAINE
PEACKE|PEAK
PEACOCKE|PEACOCK
PEAKE|PEAK
PEAKYNS|PEAKINS
PEARTE|PEART
PEBLE|PEEBLE
PECKE|PECK
PEDOCK|PEDDOCK
PEELE|PEEL
PEERSON|PIERSON
PEERTE|PERT
PENDLEBERRY|PENDELBERRY
PENNE|PENN
PENNYNGSTON|PENNINGSTON
PENNYNGTON|PENNINGTON
PENYFATHER|PENNYFATHER
PENYNGTON|PENNINGTON
PERESON|PEARSON
PERE|PEAR
PERIN|PERRIN
PERKE|PERK
PERPOYNTE|PIERPOINT
PERPOYNT|PIERPOINT
PERRYE|PERRY
PERSON|PIERSON
PERTE|PERT
PERYE|PERRY
PETTYE|PETTY
PEYTON|PAYTON
PHELPES|PHELPS
PHILLIPES|PHILLIPPS
PHILLIPPES|PHILLIPPS
PHILLYPPES|PHILLIPPS
PHILLYPPS|PHILLIPPS
PHINQUE|FINK
PHIPPES|PHIPPS
PICKERINGE|PICKERING
PIGOTT|PIGGOTT
PILKINTON|PILKINGTON
PINCHEBACKE|PINCHBACKE
PIRSON|PEARSON
PITTES|PITTS
PLAYNE|PLAIN
POARE|POOR
PODMORE|PODMOR
POLSTED|POLSTEAD
PONDE|POND
POOLE|POOL
POORE|POOR
POVEYE|POVEY
POVIE|POVEY
POVYE|POVEY
POWLE|PAUL
POWND|POUND
POWNSONBY|PONSONBY
POYNTER|POINTER
PREIST|PRIEST
PREYST|PRIEST
PROCTER|PROCTOR
PRYCE|PRICE
PRYNCE|PRINCE
PRYOR|PRIOR
PUCKERINGE|PUCKERING
PUCKERYNGE|PUCKERING
PULFORDE|PULFORD
PURVEYIN|PURVEN
PYCHEFORD|PITCHFORD
PYCKMERE|PICKMERE
PYGGYN|PIGGEN
PYGOTT|PIGGOTT
PYKERINGE|PICKERING
PYKE|PIKE
PYLSEWORTHE|PILSWORTH
PYLSWORTH|PILSWORTH
PYNDER|PINDER
PYPER|PIPER
PYPE|PIPE
PYSTOR|PISTOR
PYTTES|PITTS
PYTTOLL|PITTOLL
QUERNBYE|QUERNBY
QUILLE|QUILL
QUYNEY|QUINEY
QUYNIE|QUINEY
RADCLIFE|RADCLIFF
RADCLYFFE|RADCLIFF
RADFORTHE|RADFORTH
RAFE|RAPHE
RAIESHAWE|RAYSHAWE
RAINSCRAFT|RAINSCROFT
RAINSCROFTE|RAINSCROFT
RAMEFFORTH|RAMFORTH
RAMRYDGE|RAMRIDGE
RAMSE|RAMSEY
RANDOLFE|RANDOLPH
RANDOLL|RANDALL
RANKYN|RANKIN
RAPER|RAPIER
RATCLIFFE|RATCLIFF
RATCLIF|RATCLIFF
RATCLYFFE|RATCLIFF
RATSEYE|RATSEY
RAWLINGES|RAWLINS
RAWLYNSON|RAWLINSON
RAWLYNS|RAWLINS
RAYLETON|RAILTON
RAYMENT|RAIMENT
RAYNESHAWE|RAINSHAWE
RAYNES|RAINES
RAYNOLDS|REYNOLDS
RAYNSCROFTE|RAINSCROFT
RAYNSON|RAINSON
RAYNTON|RAINTON
READE|READ
READINGE|REDDING
REDFERNE|REDFERN
REDFORDE|REDFORD
REIGENOLDES|REYNOLDS
REVE|REEVE
REYMOND|RAYMOND
REYNOLDES|REYNOLDS
RICHARDES|RICHARDS
RICHARDSONE|RICHARDSON
RICHERDSON|RICHARDSON
RIPPINGETON|RIPPINGTON
ROBERDES|ROBERTS
ROBERTES|ROBERTS
ROBINS|ROBBINS
ROBYNSON|ROBINSON
ROCCADYNE|ROCCADINE
RODDEWAYE|RODWAY
RODES|RHODES
ROLFFE|ROLFE
ROLF|ROLFE
ROLLANDE|ROLLAND
ROOE|ROE
ROOFFE|ROOF
ROOKE|ROOK
ROOPER|ROPER
ROSSE|ROSS
ROWBOTHAM|ROBOTHAM
ROWDINGE|ROWDING
ROWE|ROE
ROWLAND|ROLAND
ROWLES|ROLLES
ROWLYF|ROWLIFF
ROYTHSBY|ROTHSBY
ROYTON|ROYDEN
RYCHARDES|RICHARDS
RYCHARDSON|RICHARDSON
RYCHARDS|RICHARDS
RYCKARDE|RICKARDE
RYCKEFORD|RICKFORD
RYDAR|RIDAR
RYDDEO|RIDDEO
RYDER|RIDER
RYDGE|RIDGE
RYDLEY|RIDLEY
RYGBYE|RIGBYE
RYGGES|RIGGES
RYLYE|RILYE
RYPOND|RIPOND
RYSBEY|RISBY
RYVERS|RIVERS
RYVET|RIVET
SACHEVERELL|SACHEVEREL
SADLER|SADDLER
SAINTLOWE|SAINTLO
SALISBURIE|SALISBURY
SALISBURYE|SALISBURY
SALLYSBURYE|SALISBURY
SALOMAN|SOLOMON
SALTE|SALT
SAMBROOKE|SAMBROOK
SAMFORDE|SAMFORD
SANDESBURY|SANDSBURY
SANDES|SANDS
SARRES|SARES
SATCHFEILDE|SATCHFIELD
SAUNDERSON|SANDERSON
SAUNDERS|SANDERS
SAWNDERS|SAUNDERS
SAXBEY|SAXBY
SCARLET|SCARLETT
SCOFEILD|SCOFIELD
SCOFYLDE|SCOFIELD
SCOTTE|SCOTT
SCROGGES|SCROGGS
SCRYVENOR|SCRIVENER
SEBRIGHTE|SEABRIGHT
SECOLL|SEACOAL
SEEGER|SEAGER
SELBIE|SELBY
SELWYNE|SELWIN
SERLE|SEARLE
SEY|SAY
SHACROFTE|SHAWCROFT
SHAMBROOKE|SHAMBROOK
SHAREWOOD|SHERWOOD
SHARPE|SHARP
SHARPULS|SHARPLES
SHATTESWELL|SHATSWELL
SHAWE|SHAW
SHAWLLER|SHALLER
SHEARLES|SHEARLS
SHELLEY|SHELLY
SHENBROKE|SHENBROOK
SHEPARD|SHEPHERD
SHEPPERD|SHEPHERD
SHERD|SHEARD
SHERLEY|SHIRLEY
SHERLIE|SHERLEY
SHERLOCKE|SHERLOCK
SHERYFFE|SHERIFF
SHOWRE|SHOWER
SHRIEFE|SHERIFF
SIBTHORPE|SIBTHORP
SILLES|SILLS
SIMONS|SIMONDS
SKEGGES|SKEGGS
SKIPPE|SKIPP
SKOGGES|SKOGGS
SKOTT|SCOTT
SKYDMORE|SKIDMORE
SKYNNER|SKINNER
SLANYE|SLANEY
SLEEPE|SLEEP
SLEYFORDE|SLAYFORD
SLEYGH|SLEIGH
SLOUGHE|SLOUGH
SLYE|SLY
SLYNEHED|SLYNHEAD
SMALWOOD|SMALLWOOD
SMARTE|SMART
SMITHE|SMITH
SMYTHEHURST|SMITHHURST
SMYTHE|SMITH
SMYTHSON|SMITHSON
SMYTH|SMITH
SNEALINGE|SNELLING
SNELLINGE|SNELLING
SNOWE|SNOW
SOLE|SOLIE
SOMERS|SUMMERS
SOME|SOAME
SONDERLAND|SUNDERLAND
SONE|SOANE
SOTHERNE|SOUTHERN
SOTHERTON|SOUTHERTON
SOUTHOWSE|SOUTHOUSE
SOWNDE|SOUND
SPARKE|SPARK
SPATCHURSTE|SPATCHURST
SPENSER|SPENCER
SPERINGE|SPEARING
SPIVYE|SPIVEY
SPLEMAN|SPELMAN
SPONER|SPOONER
SPRAGGE|SPRAGG
SPRINGE|SPRING
SPROUTE|SPROUT
SPURLINGE|SPURLING
SPYCER|SPICER
SPYLMAN|SPILMAN
SQUYRE|SQUIRE
STACKFORDE|STACKFORD
STACYE|STACEY
STANBACKE|STANBACK
STANDISHE|STANDISH
STANDYCHE|STANDISH
STANES|STAINES
STANFEELDE|STANFIELD
STANTLYE|STANTLEY
STARKYE|STARKEY
STARRE|STARR
STARTOP|STARTUP
STAUNTON|STANTON
STAYNER|STAINER
STAYNSMORE|STANSMORE
STEDE|STEAD
STEEVENSON|STEVENSON
STEMPE|STEMP
STEPHENSON|STEVENSON
STEPHENS|STEVENS
STEPHEN|STEVEN
STEPHINSON|STEVENSON
STEWARDE|STEWARD
STEWKLEY|STUKLEY
STICHE|STICH
STIRROPP|STIRROP
STOCKES|STOCKS
STOCKMEADE|STOCKMEAD
STODDART|STODDARD
STODDERD|STODDARD
STONELEY|STONLEY
STONINGE|STONING
STOOKE|STOOK
STORYES|STORIES
STORYE|STOREY
STOWE|STOW
STREATE|STREET
STREATTON|STRETTON
STREECHE|STREECH
STREETES|STREETS
STREETE|STREET
STUBBES|STUBBS
STUBBINGE|STUBBING
STUDLEYE|STUDLEY
STUDSEBURYE|STUDSBURY
STURDIVANTE|STURDIVANT
STYLE|STILE
STYTCHE|STITCH
SUCKLAY|SUCKLEY
SUTCLYFE|SUTCLIFF
SWALLOWE|SWALLOW
SWANE|SWAN
SWAYNE|SWAIN
SWEETINGE|SWEETING
SWETINGE|SWEETING
SWIFTE|SWIFT
SWINERTON|SWINNERTON
SWINGFILD|SWINGFIELD
SWYNGBORNE|SWINGBORNE
SWYNLERST|SWINLERST
SWYNNERTON|SWINNERTON
SWYNTON|SWINTON
SWYSTER|SWISTER
SYBTHARPE|SIBTHORP
SYCKLEMORE|SICKLEMORE
SYDGEWEKE|SIDGEWICK
SYLLIES|SILLIES
SYLVESTER|SILVESTER
SYMCOCKE|SIMCOCK
SYMES|SIMMS
SYMMES|SIMMS
SYMONDES|SIMONDS
SYMONS|SIMONDS
SYMPCOTT|SIMCOTT
SYMPSON|SIMPSON
SYMYNGES|SIMINGS
SYNDRELL|SINDRELL
TAILBYE|TAILBY
TAILEFORD|TAILFORD
TAILLOR|TAYLOR
TAILOR|TAYLOR
TALLER|TAYLOR
TAPPEFFEILD|TAPFIELD
TAYLEFORD|TAILFORD
TAYLFARE|TAILFARE
TEDCASTLE|TADCASTLE
TENCHE|TENCH
TERELL|TERRELL
TEYSDALE|TEASDALE
THECHER|THATCHER
THICKINES|THICKNESS
THOMKINES|THOMKINS
THOMSON|THOMPSON
THORNEFEILD|THORNFIELD
THORNEHILL|THORNHILL
THORNE|THORN
THRAYLE|THRAILE
THROGMORTON|THROCKMORTON
THRUSSHE|THRUSH
THURLOWE|THURLOW
THWAYTES|THWAITES
TIDCASTLE|TADCASTLE
TIRRELL|TIRRILL
TODDE|TODD
TOGOOD|TOOGOOD
TOMLYNSON|TOMLINSON
TOMPKINS|TOMKINS
TOMPKYNS|TOMPKINS
TOPPINGE|TOPPING
TORNER|TURNER
TOTTYE|TOTTY
TOWNESENDE|TOWNSEND
TOWNLEY|TOWNLY
TOWNSENDE|TOWNSEND
TRACIE|TRACY
TRADENUYCK|TRADENUCK
TRAVYS|TRAVIS
TRAYFORDE|TRAFFORD
TREACKLE|TREACLE
TREASOURER|TREASURER
TREWCHILDE|TRUECHILD
TREWE|TRUE
TRIPPE|TRIPP
TROTTE|TROTT
TRYE|TRY
TRYME|TRIMME
TRYPE|TRIPP
TUCKE|TUCK
TURCK|TURK
TURFFETT|TURFETT
TURNOR|TURNER
TURPINE|TURPIN
TURVEYLE|TURVILLE
TURVILE|TURVILLE
TWISILTON|TWISTELTON
TWYSSE|TWISSE
TYAS|TYCE
TYBOLL|TIBOLL
TYFFEN|TIFFEN
TYFFYN|TIFFIN
TYLOR|TYLER
TYNDALL|TINDALL
TYNES|TINES
TYPPER|TIPPER
TYROE|TYRO
TYRRYLL|TIRRELL
TYSDALE|TEASDALE
TYSDALL|TISDALE
UNTHANKE|UNTHANK
UPCHURCHE|UPCHURCH
VALANTINE|VALENTINE
VARAAM|VARHAM
VEALE|VEAL
VICKARS|VICKERS
VYNES|VINES
WADHOOPE|WADHOPE
WADILOWE|WADILOE
WALDOE|WALDO
WALDYNG|WALDING
WALKEDEN|WALKDEN
WALLEY|WHALEY
WALLE|WALL
WALLYS|WALLIS
WALMESLEY|WALMSLEY
WALPOOLE|WALPOLE
WALWYN|WALWIN
WANSWORTHE|WANSWORTH
WAPLE|WAPPLE
WARDE|WARD
WAREFEILDE|WARFIELD
WARMYNGHAM|WARMINGHAM
WARRENOR|WARRENER
WASHEFORD|WASHFORD
WASHE|WASH
WATKYNS|WATKINS
WATTERHOWSE|WATERHOUSE
WATTES|WATES
WATWOOD|WAITWOOD
WAYGHT|WAIGHT
WAYNEWRIGHT|WAINWRIGHT
WEBBE|WEBB
WEEKES|WEEKS
WELCHE|WELCH
WELLES|WELLS
WESTE|WEST
WESTONE|WESTON
WESTWRAYE|WESTWRAY
WHALLEY|WALLEY
WHELER|WHEELER
WHITACRES|WHITTAKERS
WHITTINGHAM|WITTINGHAM
WHYTE|WHITE
WIELDE|WIELD
WIGHT|WHITE
WILBORNE|WILBORN
WILCOCKES|WILCOX
WILKES|WILKS
WILLES|WILLS
WILLET|WILLETT
WILLIS|WILLS
WILLMORE|WILMORE
WILLOWES|WILLOWS
WILLSON|WILSON
WILLYS|WILLIS
WINCKES|WINKS
WOODAM|WOODHAM
WOODBORNE|WOODBORN
WOODCOCKE|WOODCOCK
WOODCOKE|WOODCOCK
WOODE|WOOD
WOODROFE|WOODRUFF
WOODWARDE|WOODWARD
WOORDSWORTH|WORDSWORTH
WOOTTON|WOTTON
WORDESWORTH|WORDSWORTH
WORLICHE|WORLICH
WORSHIPP|WORSHIP
WORTHYE|WORTHY
WOSTER|WOOSTER
WRENCHE|WRENCH
WROTHE|WROTH
WRYGHT|WRIGHT
WULFFE|WOLFE
WYCKEN|WICKEN
WYDNELL|WIDNELL
WYGGES|WIGGES
WYGHT|WIGHT
WYGMILL|WIGMILL
WYLCOCKES|WILCOX
WYLDE|WILDE
WYLKENSON|WILKENSON
WYLKES|WILKES
WYLKYNS|WILKENS
WYLLCOXE|WILLCOX
WYLLETT|WILLETT
WYLLFORDE|WILFORD
WYLLIAMS|WILLIAMS
WYLLSON|WILSON
WYLLYAMS|WILLIAMS
WYLLYE|WILLEY
WYNCH|WINCH
WYNDER|WINDER
WYNDRIDGE|WINDRIDGE
WYNTER|WINTER
WYSDOME|WISDOME
WYSEMAN|WISEMAN
WYTHENS|WITHENS
WYTHERS|WITHERS
WYTHE|WITHE
WYTHINGTON|WITHINGTON
YEARDELYE|YARDLEY
YEMANS|YEOMANS
YONGE|YOUNG
YOUNGE|YOUNG
YSHAM|ISHAM
