ABDELHAFID|HAFID
ABDELHAKIM|HAKIM
ABDELHALIM|HALIM
ABDELHAMID|HAMID
ABDELKADER|KADER
ABDELKARIM|KARIM
ABDELKRIM|KARIM
ABDELLAH|ABDALLAH
ABDELMAJID|MAJID
ABDELMALEK|MALIK
ABDELMALIK|MALIK
ABDOULAYE|ABDEL
ABDOUL|ABDEL
ABDOU|ABDEL
ABDULLAH|ABDALLAH
ABD|ABDEL
ABIGAIL|ABIGAEL
ADELIA|ADELIE
ADELINA|ADELINE
ADEM|ADAM
ADIL|ADEL
ADRIANA|ADRIANE
ADRIANO|ADRIEN
ADRIAN|ADRIEN
ADRIENNE|ADRIANE
AHLAM|AHLEM
AHMET|AHMED
AIMERIC|EMERIC
AISSATOU|AISSATA
AISSA|ISSA
AKIM|HAKIM
ALAN|ALAIN
ALBERTO|ALBERT
ALBIN|ALBAN
ALEC|ALEXANDRE
ALEKSANDAR|ALEXANDRE
ALESSANDRO|ALEXANDRE
ALEXANDER|ALEXANDRE
ALEXANDRINE|ALEXIA
ALEXANE|ALEXIA
ALEXA|ALEXIA
ALEXIANE|ALEXIA
ALEXIE|ALEXIA
ALEXINE|ALEXIA
ALEXIS|ALEXANDRE
ALEXI|ALEXANDRE
ALEXY|ALEXANDRE
ALEX|ALEXANDRE
ALICIA|ALICE
ALIENOR|ELEONORE
ALIMA|HALIMA
ALINA|ALINE
ALISSA|ALICE
ALISSIA|ALICE
ALISSON|ALISON
ALIX|ALEXANDRE
ALIX|ALICE
ALIZE|ALIZEE
ALLAN|ALAIN
ALLISON|ALISON
ALLISSON|ALISON
ALLYSON|ALISON
ALYCIA|ALICE
ALYSON|ALISON
ALYSSA|ALICE
ALYSSIA|ALICE
ALYSSON|ALISON
AMADOU|AHMED
AMALE|AMEL
AMALIA|AMELIE
AMAL|AMEL
AMBRINE|AMBRE
AMELE|AMEL
AMELIA|AMELIE
AMELINE|AMELIE
AMELLE|AMEL
AMIN|AMINE
ANABELLE|ANNABELLE
ANA|ANNE
ANDY|ANDRE
ANGELA|ANGELE
ANGELICA|ANGELIQUE
ANGELINA|ANGELE
ANGELINE|ANGELE
ANNABEL|ANNABELLE
ANNAELLE|ANAELLE
ANNA|ANNE
ANTONIN|ANTHONY
ANTONY|ANTHONY
ASTRIDE|ASTRID
AURELIA|AURELIE
AYMERIC|EMERIC
BACHRA|BOUCHRA
BADER|BADR
BADRE|BADR
BAKARI|BAKARY
BAPTISTIN|BATISTE
BASIL|BASILE
BASTIAN|SEBASTIEN
BASTIEN|SEBASTIEN
BEATRIX|BEATRICE
BEATRIZ|BEATRICE
BECHIR|BACHIR
BELAL|BILAL
BELGACEM|BELKACEM
BELLAL|BILAL
BELLINDA|BELINDA
BENOIST|BENOIT
BEN|BENJAMIN
BERENGER|BERANGER
BERT|BERTRAND
BESMA|BASMA
BETINA|BETTINA
BETTY|ELISABETH
BEYA|BAYA
BILALE|BILAL
BILALY|BILAL
BILELE|BILAL
BILEL|BILAL
BILLALE|BILAL
BILLAL|BILAL
BILLEL|BILAL
BILLY|WILLIAM
BINTOU|BINTA
BOBBY|ROBERT
BOB|ROBERT
BOCHRA|BOUCHRA
BOUCHERA|BOUCHRA
BRAHIM|IBRAHIM
BRENDAN|BRANDON
BRIAN|BRYAN
BRIEUC|BRIAC
BRITANIE|BRITTANY
BRITANNY|BRITTANY
BRITANY|BRITTANY
BRITHANY|BRITTANY
BRITNEY|BRITTANY
CAMAL|KAMEL
CAMILIA|CAMELIA
CAMILLA|CAMELIA
CAMILO|CAMILLE
CAMIL|CAMILLE
CANDIE|CANDY
CANELLE|CANNELLE
CARINA|CARINE
CARLO|CARLOS
CARL|CHARLES
CAROLANE|CAROLINE
CAROLINA|CAROLINE
CAROL|CAROLE
CASSANDRE|CASSANDRA
CATHIA|CATHY
CATHIE|CATHY
CATIA|CATHY
CECILIA|CECILE
CEDRICK|CEDRIC
CEDRIK|CEDRIC
CELESTE|CELESTIN
CELIM|SELIM
CELINA|CELINE
CENDRINE|SANDRINE
CHANTALE|CHANTAL
CHARLES-HENRY|CHARLES-HENRI
CHARLEY|CHARLES
CHARLIE|CHARLES
CHARLINE|CHARLENE
CHARLI|CHARLES
CHARLY|CHARLES
CHAWKI|CHAOUKI
CHERIF|CHAFIK
CHRISTELE|CHRISTELLE
CHRISTEL|CHRISTELLE
CHRISTOPHER|CHRISTOPHE
CHRIS|CHRISTIAN
CHRYSTELE|CHRISTELLE
CHRYSTELLE|CHRISTELLE
CHRYSTEL|CHRISTELLE
CINTHIA|CYNTHIA
CLAUDIO|CLAUDE
CLOE|CHLOE
COLAS|NICOLAS
COLEEN|COLINE
COLYNE|COLINE
CONSTANTIN|CONSTANT
CORALY|CORALIE
CORINE|CORINNE
CYRIL|CYRILLE
DAHLIA|DALIA
DALHIA|DALIA
DANIELA|DANIELLE
DANIELE|DANIELLE
DANIELLA|DANIELLE
DANI|DANIEL
DANNY|DANIEL
DANN|DANIEL
DANY|DANIEL
DAN|DANIEL
DAOUDA|DAVID
DAPHNEE|DAPHNE
DARINA|DORINE
DARINE|DORINE
DAVE|DAVID
DAVIDE|DAVID
DAVY|DAVID
DEBORA|DEBORAH
DELIA|DALIA
DENIZ|DENIS
DENIZ|DENISE
DENNIS|DENIS
DENNYS|DENIS
DENYS|DENIS
DIANA|DIANE
DILANE|DYLAN
DILAN|DYLAN
DILHAN|DYLAN
DIMITRY|DIMITRI
DINO|DENIS
DIOGO|DIEGO
DJAMAL|DJAMEL
DJEMEL|DJAMEL
DJEMILA|DJAMILA
DJIMMY|JIMMY
DJIMY|JIMMY
DJINO|LUIGI
DOLLY|DOLORES
DONIA|DOUNIA
DORIANNE|DORIANE
DORYAN|DORIAN
EDA|AIDA
EDDIE|EDOUARD
EDDY|EDOUARD
EDEM|ADAM
EDGAR|EDGARD
EDUARDO|EDOUARD
EDWARD|EDOUARD
EDWIN|EDOUARD
ELAINE|HELENE
ELAURA|ELEONORE
ELEANA|HELENE
ELEANORE|ELEONORE
ELEANOR|ELEONORE
ELENA|HELENE
ELEN|HELENE
ELEONORA|ELEONORE
ELEONOR|ELEONORE
ELIAZ|ELIAS
ELIA|ALIA
ELIA|ELIE
ELIESSE|ELIAS
ELIES|ELIAS
ELINA|HELENE
ELINE|HELENE
ELINOR|ELEONORE
ELIOTT|ELIOT
ELIO|ELIAS
ELISABETE|ELISABETH
ELISA|ELISABETH
ELISE|ELISABETH
ELISSA|ELISABETH
ELIZABETH|ELISABETH
ELIZA|ELISABETH
ELI|ELIE
ELLEN|HELENE
ELLIOTT|ELIOT
ELLIOT|ELIOT
ELODY|ELODIE
ELSA|ELISABETH
ELYASSE|ELIAS
ELYASS|ELIAS
ELYAS|ELIAS
ELYESSE|ELIAS
ELYESS|ELIAS
ELYES|ELIAS
EL|ELIE
EMANUEL|EMMANUEL
EMERICK|EMERIC
EMILIANO|EMILE
EMILIAN|EMILE
EMILIEN|EMILE
EMIL|EMILE
EMIN|AMINE
EMIR|AMIR
ENRICO|ENRIQUE
ERICKA|ERIKA
ERICK|ERIC
ERIK|ERIC
ERWANN|ERWAN
EVE|EVA
EWAN|EVAN
EWEN|EVAN
EYMERIC|EMERIC
FABIAN|FABIEN
FABIO|FABIEN
FADELA|FADILA
FAICAL|FAYCAL
FANETTE|FANNY
FANIE|FANNY
FANNIE|FANNY
FANY|FANNY
FAOUZIA|FOUZIA
FARA|FARAH
FARIZA|FARIDA
FARRAH|FARAH
FATAH|FATIH
FATHI|FATIH
FATIA|FATIHA
FATIMA-ZAHRA|FATIMA-ZOHRA
FATIMATA|FATOUMATA
FATMATA|FATOUMATA
FELICIA|FELICIE
FELICIEN|FELIX
FELIPE|PHILIPPE
FERDINAND|FERNAND
FERNANDO|FERNAND
FETHI|FATIH
FEYZA|FAIZA
FILIPE|PHILIPPE
FLAVIAN|FLAVIEN
FLAVIO|FLAVIEN
FLEURINE|FLORA
FLEUR|FLORA
FLORE|FLORA
FLORIANNE|FLORA
FLORIENT|FLORIAN
FOUED|FOUAD
FRANCESCA|FRANCE
FRANCINE|FRANCE
FRANCISCA|FRANCE
FRANCK|FRANCOIS
FRANCO|FRANCOIS
FRANKIE|FRANCOIS
FREDDY|FREDERIC
FRED|FREDERIC
GABRIELA|GABRIELLE
GABRIELE|GABRIELLE
GABRIELLA|GABRIELLE
GABY|GABRIEL
GABY|GABRIELLE
GAETANO|GAETAN
GASPAR|GASPARD
GAULTIER|GAUTHIER
GAUTIER|GAUTHIER
GENTIANE|GAETANE
GERAUD|GERALD
GHILES|GILLES
GHIZLAINE|GHISLAINE
GHIZLANE|GHISLAINE
GHIZLENE|GHISLAINE
GIANNY|GIANNI
GILDAZ|GILDAS
GILIAN|GILLES
GIL|GILLES
GINO|LUIGI
GIORGIO|GEORGES
GIOVANI|GIOVANNI
GIOVANNY|GIOVANNI
GLAWDYS|GLADYS
GLWADYS|GLADYS
GOKHAN|GORAN
GREGORIO|GREGORY
GREGORI|GREGORY
GREGOR|GREGORY
GUILHERME|GUILLAUME
GUILLEM|GUILLAUME
GUYLAINE|GUILAINE
GUYLENE|GUILAINE
GWANAELLE|GWENAELLE
GWENAELE|GWENAELLE
GWENAEL|GWENAELLE
GWENDAELLE|GWENDOLINE
GWENDOLYNE|GWENDOLINE
GWENNAELLE|GWENAELLE
GWENN|GWENDOLINE
HACINA|HASSINA
HAFSSA|HAFSA
HAMED|AHMED
HAMIDOU|HAMID
HANAA|HANNA
HANAE|HANNA
HANAN|HANANE
HANA|HANNA
HANENE|HANANE
HANEN|HANANE
HANNAH|HANNA
HANNANE|HANANE
HANNAN|HANANE
HASAN|HASSEN
HASSANE|HASSEN
HAVA|HAWA
HAVVA|HAWA
HAYATE|HAYAT
HAYATTE|HAYAT
HAYETTE|HAYAT
HAYET|HAYAT
HEIDY|HEIDI
HELEA|ELEA
HELENA|HELENE
HELEN|HELENE
HELIA|ELEA
HELOISE|ELOISE
HERWAN|ERWAN
HICHAM|HICHEM
HICHEME|HICHEM
HILEL|HILAL
HILLEL|HILAL
HINDA|HIND
HINDE|HIND
HOSSEIN|HOCINE
HOUSSINE|HOCINE
HUSEYIN|HOCINE
HUSSEIN|HOCINE
HYPOLITE|HIPPOLYTE
IANIS|YANIS
IAN|YANN
ICHAM|HICHEM
ICHEM|HICHEM
IDA|AIDA
IDRISSA|DRISS
IDRISS|DRISS
IDRIS|DRISS
ILANN|ILAN
ILHAM|ILHAME
ILHEME|ILHAME
ILHEM|ILHAME
ILIASS|ELIAS
ILIAS|ELIAS
ILIESS|ELIAS
ILLAN|ILAN
ILLYES|ELIAS
ILYASS|ELIAS
ILYAS|ELIAS
ILYESSE|ELIAS
IMAINE|IMANE
IMAN|IMANE
IMENE|IMANE
IMEN|IMANE
INASSE|INES
INASS|INES
INAS|INES
INESSE|INES
INESS|INES
IRENA|IRENE
IRINA|IRENE
ISAAK|ISAAC
ISABELLA|ISABELLE
ISABEL|ISABELLE
ISAC|ISAAC
ISHAM|HICHEM
ISHAQ|ISAAC
ISMAIN|ISMAEL
IVAN|YVAN
JACK|JACQUES
JAMELA|DJAMILA
JAMILA|DJAMILA
JANE|JEANNE
JANINE|JEANINE
JANNICK|YANNICK
JASMINA|YASMINE
JASMINE|YASMINE
JEANE|JEANNE
JEANNETTE|JEANINE
JEANNIE|JEANINE
JEANNINE|JEANINE
JENIFER|JENNIFER
JENNIE|JENNIFER
JENNYFER|JENNIFER
JENNY|JENNIFER
JENYFER|JENNIFER
JESSIE|JESSICA
JESSIKA|JESSICA
JESSYCA|JESSICA
JESSYE|JESSICA
JHONNY|JOHNNY
JOACKIM|JOACHIM
JOAKIM|JOACHIM
JOANA|JOHANNA
JOANE|JOHANNA
JOANIE|JOHANNA
JOANNA|JOHANNA
JOANNES|JUAN
JOANNE|JOHANNA
JOANNIE|JOHANNA
JOANNY|JOHANNA
JOAN|JOHANNA
JOCYA|JOYCE
JODY|JUDITH
JOE|JOHNNY
JOHAKIM|JOACHIM
JOHANA|JOHANNA
JOHANE|JOHANNA
JOHANIE|JOHANNA
JOHANNES|JUAN
JOHANNE|JOHANNA
JOHANNIE|JOHANNA
JOHANY|JOHNNY
JONATAN|JONATHAN
JON|JOHNNY
JOSEPHA|JOSEPHINE
JOSHUA|JOSUE
JOSSUA|JOSUE
JOSUAH|JOSUE
JULIANA|JULIANE
JULIANNE|JULIANE
JULIANN|JULIEN
JULIAN|JULIEN
JULIA|JULIE
JULIENNE|JULIANE
JULINE|JULIANE
JULLIAN|JULIEN
JULLIEN|JULIEN
JULY|JULIE
JUSTINIEN|JUSTIN
KACEM|BELKACEM
KADA|KADER
KADIDJA|KHADIJA
KADIJA|KHADIJA
KADY|KADER
KALIL|KHALIL
KAMELIA|CAMELIA
KAMELYA|CAMELIA
KAMILA|CAMELIA
KAMILIA|CAMELIA
KAMILLE|CAMILLE
KANZA|KENZA
KARENE|KAREN
KARINA|KAREN
KARINE|CARINE
KARIN|KAREN
KARLA|CARLA
KARLINE|CHARLYNE
KAROLANE|CAROLINE
KAROLINA|CAROLINE
KAROLINE|CAROLINE
KARYM|KARIM
KARYNE|CARINE
KASANDRA|CASSANDRA
KASSANDRA|CASSANDRA
KASSANDRE|CASSANDRA
KATARINA|CATHERINE
KATELINE|KATHLEEN
KATHARINA|CATHERINE
KATHELEEN|KATHLEEN
KATHELINE|KATHLEEN
KATHELYNE|KATHLEEN
KATHERINE|CATHERINE
KATHIA|CATHY
KATHLENE|KATHLEEN
KATHLINE|KATHLEEN
KATHLYNE|KATHLEEN
KATHLYN|KATHLEEN
KATHY|CATHY
KATIA|CATHY
KATIE|CATHY
KATLEEN|KATHLEEN
KATLINE|KATHLEEN
KATLYNE|KATHLEEN
KATTY|CATHY
KATYA|CATHY
KATY|CATHY
KEMAL|KAMEL
KEMIL|KAMEL
KENTIN|QUENTIN
KENY|KENNY
KETTY|CATHY
KEVEN|KEVIN
KHADIDJA|KHADIJA
KHEDIDJA|KHADIJA
KIMBERLY|KIMBERLEY
KORANTIN|CORENTIN
KORENTIN|CORENTIN
KRISTELL|KRISTELLE
KRISTEL|KRISTELLE
KRISTINA|CHRISTINA
KRYSTEL|KRISTELLE
LAETICIA|LAETITIA
LAHCEN|LAHCENE
LAILA|LEILA
LAMYA|LAMIA
LAUGAN|LOGAN
LAURANE|LAURINE
LAUREEN|LAURINE
LAURENA|LAURINE
LAURENE|LAURINE
LAURENS|LAURENT
LAURENTIN|LAURENT
LAUREN|LAURINE
LAURE|LAURA
LAURIANE|LAURINE
LAURIE-ANNE|LAURE-ANNE
LAURIE|LAURA
LAURYNE|LAURINE
LAURYN|LAURINE
LAURYS|LAURENT
LAURY|LAURA
LAWRENCE|LAURENT
LAYLA|LEILA
LEAH|LEA
LEANA|LINA
LENA|LINA
LEONARDO|LEONARD
LEONA|LEONE
LEON|LEO
LEOPOLD|LEO
LETICIA|LAETITIA
LETITIA|LAETITIA
LETIZIA|LAETITIA
LEVY|LEVI
LEYLA|LEILA
LIDIA|LYDIA
LIESS|ELIAS
LILAS|LEILA
LILA|LEILA
LILIANA|LILIANE
LILI|LILIA
LILLY|LILIA
LILOU|LILIA
LILY-ROSE|LILI-ROSE
LILY|LILIA
LINDSEY|LINDSAY
LINE|LINA
LISE-MARIE|LISA-MARIE
LISE|LISA
LIZA|LISA
LOETITIA|LAETITIA
LOGANN|LOGAN
LOICK|LOIC
LOIK|LOIC
LOIS|LOUIS
LOLITA|LOLA
LORAINE|LAURINE
LORA|LAURA
LORENA|LAURINE
LORENZ|LAURENT
LOREN|LAURINE
LORRIS|LORIS
LORYS|LORIS
LOUISON|LOUIS
LOUNIS|LOUNES
LOU|LOUIS
LOWIK|LOIC
LUCAS|LUC
LUCA|LUC
LUCCA|LUC
LUCILLE|LUCILE
LUCIO|LUC
LUCKAS|LUC
LUCKY|LUC
LUIS|LOUIS
LUKAS|LUC
LUKE|LUC
LYDIE|LYDIA
LYESS|ELIAS
LYES|ELIAS
MADELINE|MADELEINE
MADISSON|MADISON
MADI|MEDHI
MADJID|MAJID
MADY|MEDHI
MAELISS|MAELYS
MAELIS|MAELYS
MAGALIE|MAGALI
MAGALY|MAGALI
MAGUY|MAGGY
MAHAMADOU|MAMADOU
MAHDI|MEDHI
MAHMADOU|MAMADOU
MAHMUT|MAHMOUD
MAILYS|MAELYS
MALAURY|MALAURIE
MALEK|MALIK
MALICK|MALIK
MALLAURY|MALAURIE
MALLORIE|MALAURIE
MALORIE|MALAURIE
MALORY|MALAURIE
MANUELA|EMMANUELLE
MANUELLA|EMMANUELLE
MANUELLE|EMMANUELLE
MANU|EMMANUEL
MARC-ANTHONY|MARC-ANTOINE
MARCELLO|MARCEL
MARCOS|MARC
MARCO|MARC
MARGOT|MARGAUX
MARGO|MARGAUX
MARIAMA|MYRIAM
MARIAME|MYRIAM
MARIAM|MYRIAM
MARIANA|MARIANE
MARIA|MARIE
MARINA|MARINE
MARKO|MARC
MARK|MARC
MAROINE|MAROUANE
MAROUAN|MAROUANE
MARTY|MARTIN
MARWANE|MAROUANE
MARWAN|MAROUANE
MATHEW|MATHIEU
MATIAS|MATHIAS
MATTEW|MATHIEU
MATTHEW|MATHIEU
MATTHIAS|MATHIAS
MAUDE|MAUD
MAXIMILIEN|MAXIME
MAXIM|MAXIME
MAX|MAXIME
MEHMET|MOHAMED
MELIK|MALIK
MELODY|MELODIE
MELVYN|MELVINE
MEL|MELVINE
MERWANE|MAROUANE
MERWAN|MAROUANE
MHAMED|MOHAMED
MICKAIL|MICHAEL
MICKY|MICHAEL
MICK|MICHAEL
MIKAIL|MICHAEL
MOHAMED-LAMINE|MOHAMED-AMINE
MOHAMMED|MOHAMED
MOULOUD|MILOUD
MOUSTAPHA|MUSTAPHA
MUHAMMED|MOHAMED
MURIELLE|MURIEL
NABILE|NABIL
NACER|NASSER
NACIMA|NASSIMA
NACIME|NASSIM
NACIM|NASSIM
NACIRA|NACERA
NADHIR|NADIR
NADJET|NAJAT
NADJMA|NEJMA
NADYA|NADIA
NAEMA|NAIMA
NAGUIB|NAJIB
NAHIMA|NAIMA
NAIME|NAIM
NAIS|ANAIS
NAJAH|NAJAT
NAJATE|NAJAT
NAJETE|NAJAT
NAJETTE|NAJAT
NAJET|NAJAT
NAJMA|NEJMA
NAOMIE|NOEMIE
NAOMI|NOEMIE
NAOUEL|NAOUAL
NASIME|NASSIM
NASRADINE|NASSER
NASSERA|NACERA
NASSIME|NASSIM
NASSIRA|NACERA
NASTASIA|ANASTASIA
NATALIA|NATALIE
NATANAEL|NATHANAEL
NATAN|NATHAN
NATHALIA|NATALIE
NATHANE|NATHANAEL
NATHANIEL|NATHANAEL
NAWELLE|NAWAL
NAWEL|NAWAL
NEIL|EDOUARD
NELLIE|NELLY
NESSIM|NASSIM
NETANEL|NATHANAEL
NICHOLAS|NICOLAS
NICK|NICOLAS
NICO|NICOLAS
NIELS|EDOUARD
NIKOLA|NICOLAS
NOELIE|NOELLE
NOELLA|NOELLE
NOELLIE|NOELLE
NOEMI|NOEMIE
NOREDDINE|NORDINE
NORIA|NORA
NORMANN|NORMAN
NOURA|NORA
NOURDINE|NORDINE
NOURDIN|NORDINE
NOURIA|NORA
NOUR|NORA
OCEANA|OCEANE
OCEANIE|OCEANE
OCEANNE|OCEANE
OCTAVIO|OCTAVE
ODELIE|ODILE
ODETE|ODETTE
ODETTA|ODETTE
ODILA|ODILE
ODILIA|ODILE
ODILLE|ODILE
ODYLE|ODILE
ODYLLE|ODILE
OFELIA|OPHELIE
OIRDA|OUARDA
OISSILA|OUASSILA
OLIVA|OLIVIA
OLIVERA|OLIVIA
OLIVER|OLIVIER
OLIVETTE|OLIVIA
OLIVE|OLIVIA
OPHELIA|OPHELIE
OPHELY|OPHELIE
ORIANA|ORIANE
ORIANNA|ORIANE
ORIANNE|ORIANE
ORLANNE|ORLANE
ORNELA|ORNELLA
OSKAR|OSCAR
OSSAMA|OUSSAMA
OTHMAN|OTHMANE
OTMAN|OTHMANE
OUMAR|OMAR
OUSAMA|OUSSAMA
PAMELLA|PAMELA
PAOLINA|PAULINE
PAOLINE|PAULINE
PASCALINE|PASCALE
PASQUALE|PASCAL
PATRIZIA|PATRICIA
PAULA|PAOLA
PAULETTE|PAULINE
PAULE|PAOLA
PAULINA|PAULINE
PAULO|PAUL
PAULYNE|PAULINE
PEARL|PERLE
PERINE|PERRINE
PERLA|PERLE
PERLINE|PERLE
PHILIPP|PHILIPPE
PHYLICIA|FELICIE
PIERRE-ANTHONY|PIERRE-ANTOINE
PIERRINE|PERRINE
PIERROT|PIERRE
POL|PAUL
PRECILIA|PRESCILLIA
PRECILLA|PRESCILLIA
PRECILLIA|PRESCILLIA
PRECYLIA|PRESCILLIA
PRESCILIA|PRESCILLIA
PRESCILLA|PRESCILLIA
PRESCYLLIA|PRESCILLIA
PRICILIA|PRESCILLIA
PRICILLA|PRESCILLIA
PRICILLIA|PRESCILLIA
PRISCILA|PRESCILLIA
PRISCILIA|PRESCILLIA
PRISCILLA|PRESCILLIA
PRISCILLE|PRESCILLIA
PRISCILLIA|PRESCILLIA
PRUNELLE|PRUNE
PRYSCILLIA|PRESCILLIA
RABIAA|RABIA
RABIHA|RABIA
RABIYA|RABIA
RACHELE|RACHEL
RACHELLE|RACHEL
RADHIA|RADIA
RADWANE|REDOUANE
RADWAN|REDOUANE
RAFAELA|RAPHAELE
RAFAELE|RAPHAELE
RAFAELLE|RAPHAELE
RAFAEL|RAPHAEL
RAIAN|RAYAN
RAJAE|RAJAA
RAJAH|RAJAA
RAJA|RAJAA
RALPH|RAPHAEL
RAMY|RAMI
RANYA|RANIA
RAPHAELA|RAPHAELE
RAPHAELLA|RAPHAELE
RAQUEL|RACHEL
RAYANE|RAYAN
RAYANNE|RAYAN
RAYHANE|RAYAN
REBECA|REBECCA
REBEKA|REBECCA
REDHA|REDA
REDWANE|REDOUANE
REGINA|REGINE
REHANE|RAYAN
REYHAN|RAYAN
REZA|REDA
RHIZLANE|RIZLAN
RIADE|RIAD
RIADH|RIAD
RIDA|REDA
RIDOUANE|REDOUANE
RIDVAN|REDOUANE
RIDWANE|REDOUANE
RIDWAN|REDOUANE
RIMA|RIM
RIME|RIM
RIZLAINE|RIZLAN
RIZLANE|RIZLAN
RIZLENE|RIZLAN
ROBERTO|ROBERT
ROMANN|ROMAIN
RONNY|RONY
ROSALIE|ROSA
ROSELYNE|ROSELINE
ROSE|ROSA
ROSITA|ROSA
ROXANNE|ROXANE
RUBENS|RUBEN
RUDOLF|RUDOLPH
RYADH|RIAD
RYAD|RIAD
RYANN|RAYAN
SABINA|SABINE
SABRINE|SABRINA
SAFOUANE|SOFIANE
SALAHDINE|SALAH
SALEM|SALIM
SALIMOU|SALIM
SALMA|SALIMA
SALOUA|SALWA
SAMER|SAMIR
SAMI|SAMUEL
SAMYA|SAMIA
SAMY|SAMUEL
SANAA|SANA
SANAE|SANA
SANDIE|SANDY
SANDRINA|SANDRINE
SAPHIA|SAFIA
SARA|SARAH
SARRA|SARAH
SASHA|SACHA
SELENA|SOLENE
SELIN|SOLENE
SELMA|SALIMA
SERAPHINE|SEPHORA
SHANA|SANA
SHANNA|SANA
SHANON|SHANNON
SHEHERAZADE|SHERAZADE
SIBYLLE|SIBEL
SIHAME|SIHAM
SIHEM|SIHAM
SILVIA|SYLVIE
SINDY|CINDY
SLIMAN|SLIMANE
SOFIAN|SOFIANE
SOFIA|SOPHIE
SOFIEN|SOFIANE
SOFYANE|SOFIANE
SOLENNE|SOLENE
SOLENN|SOLENE
SOLEN|SOLENE
SOLINE|SOLENE
SONYA|SONIA
SOPHIA|SOPHIE
SOUFIAN|SOFIANE
SOULAIMANE|SLIMANE
SOULEIMANE|SLIMANE
SOULEIMAN|SLIMANE
SOULIMANE|SLIMANE
SOULIMAN|SLIMANE
SOUMAYA|SAMIA
SOUMIA|SAMIA
STECY|STACY
STEFANIE|STEPHANIE
STEFFIE|STEPHANIE
STEFFY|STEPHANIE
STEPHANY|STEPHANIE
STEVAN|STEPHANE
SULAYMAN|SLIMANE
SULIVAN|SULLIVAN
SULLY|SULLIVAN
SULYVAN|SULLIVAN
TAHIR|TAHAR
TANJA|TANIA
TANYA|TANIA
TARICK|TARIK
TATJANA|TATIANA
TATYANA|TATIANA
TAWFIK|TOUFIK
TED|TEDDY
TELMA|THELMA
TEOPHILE|THEO
TERESA|THERESE
TESSIE|TESSA
TESSY|TESSA
TESS|TESSA
THADDEE|TEDDY
THAIS|TESSA
THALIE|THALIA
THEAU|THEODORE
THEOPHILE|THEO
THERESA|THERESE
THESSA|TESSA
THIFAINE|TYPHAINE
THIFANY|TIFFANY
THIFFANY|TIFFANY
THIPHAINE|TYPHAINE
THIPHANIE|TIFFANY
THOMA|THOMAS
THYPHAINE|TYPHAINE
THYPHANIE|TIFFANY
TIANA|TATIANA
TIFAINE|TYPHAINE
TIFANIE|TIFFANY
TIFANNY|TIFFANY
TIFANY|TIFFANY
TIFENE|TYPHAINE
TIFFAINE|TYPHAINE
TIFFANIE|TIFFANY
TIFFANI|TIFFANY
TIFFANNY|TIFFANY
TIMOTHE|TIMOTHEE
TIMOTHY|TIMOTHEE
TIPHANIE|TIFFANY
TIPHANY|TIFFANY
TOMAS|THOMAS
TOMI|THOMAS
TOMMY|THOMAS
TOMY|THOMAS
TONINO|TONY
TONI|TONY
TRACEY|TRACY
TRAICY|TRACY
TRECY|TRACY
TRESSIE|TRACY
TRESSY|TRACY
TRICIA|TRACY
TRYSTAN|TRISTAN
TYMOTHE|TIMOTHEE
TYPHANIE|TIFFANY
ULRIC|ULRICH
URSULE|URSULA
URSULINE|URSULA
VALANTINE|VALENTINE
VALENTINA|VALENTINE
VALERE|VALERY
VALERIANE|VALERIE
VALERIANNE|VALERIE
VALERIA|VALERIE
VALERINE|VALERIE
VALORIS|VALERIE
VANESA|VANESSA
VANNESSA|VANESSA
VANNINA|VANINA
VERONICA|VERONIQUE
VERONIKA|VERONIQUE
VERONIQUA|VERONIQUE
VICKIE|VICTORIA
VICKI|VICTORIA
VICKY|VICTORIA
VICTOIRE|VICTORIA
VICTOR-MANUEL|VICTOR-EMMANUEL
VICTORIANA|VICTORIA
VICTORIC|VICTOR
VICTORIE|VICTORIA
VICTORIO|VICTOR
VIKTORIA|VICTORIA
VIKTOR|VICTOR
VINCENZINA|VINCENZA
VINCENZO|VINCENT
VINCIANNE|VINCIANE
VIOLENE|VIOLAINE
VIOLETA|VIOLETTE
VIOLETTA|VIOLETTE
VIRGILIA|VIRGINIE
VIRGIL|VIRGILE
VIRGINA|VIRGINIE
VIRGINIA|VIRGINIE
VITTORIA|VICTORIA
WAFAA|WAFA
WAFAE|WAFA
WAFAH|WAFA
WAFFA|WAFA
WALLID|WALID
WANDY|WANDA
WARDA|OUARDA
WASILA|OUASSILA
WASSILA|OUASSILA
WASSILLA|OUASSILA
WASSYLA|OUASSILA
WENDA|WANDA
WENDIE|WENDY
WILHELM|WILLEM
WILHEM|WILLEM
WILLIAMS|WILLIAM
WILLI|WILLIAM
WILL|WILLIAM
WINDY|WENDY
WISSAME|WISSAM
WISSEME|WISSAM
WISSEM|WISSAM
WITHNEY|WHITNEY
WITNEY|WHITNEY
WYLLIAM|WILLIAM
YAHN|YANN
YAMNA|YAMINA
YANIC|YANNICK
YANIK|YANNICK
YANISS|YANIS
YANNICE|YANIS
YANNIC|YANNICK
YANNIS|YANIS
YAN|YANN
YASEMIN|YASMINE
YASINE|YACINE
YASIN|YACINE
YASMEEN|YASMINE
YASMINA|YASMINE
YASMIN|YASMINE
YASSINE|YACINE
YASSMINA|YASMINE
YASSMINE|YASMINE
YELENA|HELENE
YESMINE|YASMINE
YLANN|ILAN
YLAN|ILAN
YLIES|ELIAS
YMANE|IMANE
YMEN|IMANE
YNESS|INES
YNES|INES
YOANNA|JOHANNA
YOHANA|JOHANNA
YOHANNE|YOANN
YOHANN|YOANN
YOHAN|YOANN
YOLANDA|YOLANDE
YOLENE|YOLAINE
YOLINE|YOLAINE
YOLLANDE|YOLANDE
YONIS|YANIS
YONNI|YANIS
YOSRA|YOUSRA
YOUCEF|YOUSSEF
YOUNA|YONA
YOUNESS|YOUNES
YOUSSOUF|YOUSSEF
YOUSSRA|YOUSRA
YOVAN|YVAN
YRENE|IRENE
YSABEL|ISABELLE
YSSA|ISSA
YUNA|YONA
YUSRA|YOUSRA
YUSUF|YOUSSEF
YVANE|YVANA
YVANNA|YVANA
YVANNE|YVANA
YVANN|YVAN
YVA|EVA
YVELINE|EVELYNE
YVELYNE|EVELYNE
YVONE|YVONNE
YVONNA|YVONNE
ZABIDA|ZOUBIDA
ZACCHARIE|ZAKARIA
ZACHARIE|ZAKARIA
ZACHARI|ZAKARIA
ZACHARY|ZAKARIA
ZACKARIA|ZAKARIA
ZAHIRA|ZAHRA
ZAHYA|ZAHIA
ZAIA|ZAHIA
ZAINAB|ZINEB
ZAINA|ZINA
ZAINEB|ZINEB
ZAKARIYA|ZAKARIA
ZAKARYA|ZAKARIA
ZAKARY|ZAKARIA
ZAKI|ZAKARIA
ZAKYA|ZAKIA
ZARAH|ZAHRA
ZARA|ZOHRA
ZARHA|ZAHRA
ZAYNAB|ZINEB
ZAYNEB|ZINEB
ZEHRA|ZAHRA
ZEINABOU|ZINEB
ZEINAB|ZINEB
ZEINA|ZINA
ZEINEB|ZINEB
ZENA|ZINA
ZEYNAB|ZINEB
ZEYNEB|ZINEB
ZHARA|ZAHRA
ZHORA|ZOHRA
ZHOR|ZOHRA
ZHOUR|ZOHRA
ZINAB|ZINEB
ZINDINE|ZINEDINE
ZOBIDA|ZOUBIDA
ZOEE|ZOE
ZORAH|ZOHRA
ZORA|ZOHRA
ZORHA|ZOHRA
ZORRA|ZOHRA
ZOUHRA|ZOHRA