AALIYAH|ALIA
AAMIR|AMIR
ABBEY|ABIGAIL
ABBI|ABIGAIL
ABBIE|ABIGAIL
ABDALLA|ABDULLAH
ABDEL|ABDULLAH
ABDI|ABDUL
ABDULLA|ABDULLAH
ABDULLAHI|ABDULLAH
ABDULRAHMAN|ABDIRAHMAN
ABDUR|ABDIRAHMAN
ABEL|IBRAHIM
ABI|ABIGAIL
ABRAHAM|IBRAHIM
ABUL|ABU
ADEEL|ADIL
ADEL|ADIL
ADELA|ADELE
ADELAIDE|ADELE
ADELINA|ADELE
ADELINE|ADELE
ADELLE|ADELE
ADEM|ADAM
ADINA|ADELE
ADRIANA|ADRIENNE
ADRIANNE|ADRIENNE
ADRIANO|ADRIAN
AGNIESZKA|AGNES
AHMAD|AHMED
AHMET|AHMED
AIDEN|AIDAN
AIMEE|AMY
AINE|AMY
AISHAH|AISHA
AL|ALBERT
ALAIN|ALAN
ALANNA|ALANA
ALANNAH|ALANA
ALASDAIR|ALISTAIR
ALASTAIR|ALISTAIR
ALBERTO|ALBERT
ALEC|ALEXANDER
ALEJANDRA|ALEXANDRA
ALEJANDRO|ALEXANDER
ALEKSANDER|ALEXANDER
ALEKSANDRA|ALEXANDRA
ALENA|ALINE
ALESSANDRA|ALEXANDRA
ALESSANDRO|ALEXANDER
ALETHA|ALTHEA
ALETHEA|ALTHEA
ALEX|ALEXANDER
ALEXA|ALEXANDRA
ALEXANDRE|ALEXANDER
ALEXANDRIA|ALEXANDRA
ALEXANDROS|ALEXANDER
ALEXIA|ALEXANDRA
ALEXIS|ALEXANDER
ALFIE|ALFRED
ALFREDO|ALFRED
ALICIA|ALICE
ALINA|ALINE
ALISA|ALICE
ALISHA|ALICE
ALISTER|ALISTAIR
ALIX|ALICE
ALIYA|ALIA
ALLAH|ABDULLAH
ALLAN|ALAN
ALLEN|ALAN
ALLISON|ALISON
ALLYSON|ALISON
ALUN|ALAN
ALWYN|ALVIN
ALYSHA|ALICE
ALYSON|ALISON
ALYSSA|ALICE
AMAL|AMALIA
AMANDEEP|MANDEEP
AMARJEET|AMARJIT
AMENA|AMINA
AMER|AMAR
AMI|AMY
AMIE|AMY
AMINAH|AMINA
AMIRAH|AMIRA
AMMAR|AMAR
AMNA|AMINA
ANA|ANNA
ANAIS|ANNA
ANASTASIA|ANNA
ANDRE|ANDREW
ANDREAS|ANDREW
ANDREE|ANDREA
ANDRES|ANDREW
ANDY|ANDREW
ANETTE|ANNA
ANGELICA|ANGELA
ANGELIKA|ANGELA
ANGELIKI|ANGELA
ANGELINA|ANGELA
ANGELINE|ANGELA
ANGELIQUE|ANGELA
ANGIE|ANGELA
ANIKA|ANNA
ANISA|ANNA
ANISHA|ANNA
ANITA|ANNA
ANJA|ANNA
ANN-MARIE|ANNE-MARIE
ANNA-MARIA|ANNE-MARIE
ANNA-MARIE|ANNE-MARIE
ANNABEL|ANNA
ANNABELLE|ANNA
ANNALISA|ANNA
ANNE|ANNA
ANNELIESE|ANNA
ANNEMARIE|ANNE-MARIE
ANNETTA|ANNA
ANNETTE|ANNA
ANNICE|ANNA
ANNIE|ANNA
ANNIKA|ANNA
ANNIS|ANNA
ANNMARIE|ANNE-MARIE
ANTOINE|ANTHONY
ANTON|ANTHONY
ANTONI|ANTHONY
ANTONIETTA|ANTONIA
ANTONINA|ANTONIA
ANTONINO|ANTHONY
ANTONIO|ANTHONY
ANTONIOS|ANTHONY
ANTONIS|ANTHONY
ANTONY|ANTHONY
ARCHIE|ARCHIBALD
ARFAN|IRFAN
ARIANE|ARIEL
ARJAN|ADRIENNE
ARON|AARON
ARRAN|AARON
ARRON|AARON
ARTURO|ARTHUR
ARUN|AARON
ASHLEA|ASHLEY
ASHLEE|ASHLEY
ASHLEIGH|ASHLEY
ASMA|ESME
AUDRA|AUDREY
AUGUSTINE|AUGUSTUS
AVERIL|AVRIL
AYESHA|AISHA
AYSE|AICHA
AYSHA|AISHA
BALJINDER|BALWINDER
BALVINDER|BALWINDER
BARRIE|BARRY
BEATRIZ|BEATRICE
BECKY|REBECCA
BELLA|ANNA
BEN|BENJAMIN
BENEDICTE|BENEDICT
BENNY|BENJAMIN
BERENICE|BERNICE
BERT|BERTRAM
BERTIE|BERTHA
BESSIE|ELIZABETH
BETH|ELIZABETH
BETHAN|BETHANY
BETHANIE|BETHANY
BETSY|ELIZABETH
BETTE|ELIZABETH
BETTY|ELIZABETH
BEVERLY|BEVERLEY
BIANCA|BLANCHE
BILL|WILLIAM
BILLIE|WILLIAM
BILLY|WILLIAM
BIRGIT|BRIDGET
BLANCA|BLANCHE
BOB|ROBERT
BOBBIE|ROBERTA
BOBBY|ROBERT
BONITA|BONNIE
BRAD|BRADLEY
BREDA|BRIDGET
BRENDAN|BRANDON
BRENDON|BRANDON
BRIDGETTE|BRIDGET
BRIGID|BRIDGET
BRIGITTE|BRIDGET
BRIONY|BRYONY
BRITNEY|BRITTANY
BRITTA|BRIDGET
BRONWYN|BRONWEN
BROOK|BROOKE
BROOKLYN|BROOKE
BRYAN|BRIAN
CAITLIN|CATHERINE
CAITLYN|CATHERINE
CALUM|CALLUM
CAMILLE|CAMILLA
CANDIDA|CANDICE
CANDY|CANDICE
CAREN|KAREN
CARINA|CARA
CARLEY|CARLA
CARLIE|CARLY
CARMEL|CARMEN
CARMELA|CARMEN
CAROLA|CAROL
CAROLE|CAROL
CAROLINA|CAROLYN
CAROLINE|CAROLYN
CAROLYNE|CAROLYN
CARRIE|CAROLYN
CARRIE-ANN|KERRY-ANN
CARRIE-ANNE|KERRY-ANN
CARYL|CAROL
CARYN|KAREN
CARYS|CERYS
CASSIE|CASSANDRA
CATALINA|CATHERINE
CATERINA|CATHERINE
CATHARINE|CATHERINE
CATHLEEN|KATHLEEN
CATHRINE|CATHERINE
CATHRYN|CATHERINE
CATHY|CATHERINE
CATRIN|CATHERINE
CATRINA|CATHERINE
CATRIONA|CATHERINE
CECELIA|CECILIA
CECILE|CECILIA
CECILY|CECILIA
CELINA|SELINA
CELINE|SELINA
CERIDWEN|CERI
CHANELLE|CHANEL
CHANTAL|CHANTEL
CHANTELLE|CHANTEL
CHARLEY|CHARLES
CHARLIE|CHARLES
CHARMAIN|CHARMAINE
CHAS|CHARLES
CHE|CHEE
CHELSEY|CHELSEA
CHELSIE|CHELSEA
CHERI|CHERYL
CHERIE|CHERYL
CHERRIE|CHERYL
CHERRY|CHERYL
CHIN|JIN
CHOON|CHUN
CHRIS|CHRISTOPHER
CHRISSIE|CHRISTINE
CHRISTA|CHRISTINE
CHRISTAKIS|CHRISTOPHER
CHRISTEL|CRYSTAL
CHRISTELLE|CHRISTINE
CHRISTIANA|CHRISTINE
CHRISTIANE|CHRISTINE
CHRISTIE|CHRISTINE
CHRISTINA|CHRISTINE
CHRISTOPH|CHRISTOPHER
CHRISTOPHE|CHRISTOPHER
CHRISTOS|CHRISTOPHER
CHRISTY|CHRISTINE
CICELY|CECILIA
CINDY|CYNTHIA
CLAIR|CLAIRE
CLARE|CLARA
CLAUDETTE|CLAUDIA
CLAUDINE|CLAUDIA
CLAUDIO|CLAUDE
CLEMENTINA|CLEMENTINE
CLIFF|CLIFFORD
CLINT|CLINTON
COLEEN|COLLEEN
COLIN|NICHOLAS
COLLETTE|COLETTE
COLLIN|NICHOLAS
CONNER|CONNOR
CONNIE|CONSTANCE
CONOR|CONNOR
CONSTANTINOS|CONSTANTINE
CORINA|CORINNE
CORINNA|CORINNE
CORRIE|CORA
CORRINA|CORINNE
CORRINE|CORINNE
CORY|COREY
CRISTINA|CHRISTINE
DAFYDD|DAVID
DAMIEN|DAMIAN
DAMION|DAMIAN
DAN|DANIEL
DANIAL|DANIEL
DANIELA|DANIELLE
DANIELE|DANIELLE
DANIELLA|DANIELLE
DANNIELLE|DANIELLE
DANNY|DANIEL
DANUTA|DANA
DARCEY|DARCY
DARCIE|DARCY
DAREN|DARREN
DARIO|DARIUS
DARRAN|DARREN
DARREL|DARRELL
DARRIN|DARREN
DARRYL|DARRELL
DARYL|DARRELL
DAVE|DAVID
DAVIDE|DAVID
DAWOOD|DAVID
DAYNA|DANA
DEANA|DIANE
DEANNA|DIANE
DEANNE|DIANE
DEBBIE|DEBORAH
DEBORA|DEBORAH
DEBRA|DEBORAH
DEIDRE|DEIRDRE
DELORES|DOLORES
DENE|DEAN
DENIS|DENNIS
DENNY|DENNIS
DEON|DION
DERICK|DEREK
DERREN|DARREN
DERRICK|DEREK
DEVINDER|DAVINDER
DEWI|DAVID
DIAN|DIANE
DIANA|DIANE
DIANNA|DIANE
DIANNE|DIANE
DICK|RICHARD
DIEGO|SANTIAGO
DILLON|DYLAN
DIMITRIS|DIMITRIOS
DINAH|DINA
DIPAK|DEEPAK
DOLLY|DOLORES
DOMENICO|DOMINIC
DOMINICK|DOMINIC
DOMINIQUE|DOMINIC
DON|DONALD
DONAL|DONALD
DONNA-MARIE|DONNA
DOROTHEA|DOROTHY
DREW|ANDREW
DUANE|DWAYNE
EAMONN|EDMUND
EBRAHIM|IBRAHIM
EDDIE|EDWARD
EDDY|EDWARD
EDMOND|EDMUND
EDUARDO|EDWARD
EKATERINA|CATHERINE
ELENA|HELEN
ELENI|HELEN
ELEONORA|ELEANOR
ELIN|HELEN
ELINA|HELEN
ELINOR|ELEANOR
ELISA|ELIZABETH
ELISABETH|ELIZABETH
ELISE|ELIZABETH
ELISHA|ELIZABETH
ELISSA|ELIZABETH
ELIZA|ELIZABETH
ELLA|ELEANOR
ELLE|ELEANOR
ELLEN|HELEN
ELLENA|HELEN
ELLI|ELEANOR
ELLIE|ELEANOR
ELLIOTT|ELLIOT
ELOUISE|ELOISE
ELSA|ELIZABETH
ELSE|ELIZABETH
ELSIE|ELIZABETH
ELSPETH|ELIZABETH
EMAN|IMAN
EMANUEL|EMMANUEL
EMANUELA|EMMANUELLE
EMELIA|EMILY
EMILE|EMIL
EMILIA|EMILY
EMILIE|EMILY
EMILIO|EMIL
EMLYN|EMIL
EMMELINE|EMILY
EMMIE|EMILY
EMRYS|AMBROSE
ENRICO|HENRY
ENRIQUE|HENRY
EOIN|IAN
ERIK|ERIC
ERIKA|ERICA
ERNA|ERNESTINE
ERNESTO|ERNEST
ESTELLA|STELLA
ESTELLE|STELLA
ESTER|ESTHER
EUAN|EVAN
EUGENIE|EUGENIA
EVELINE|EVELYN
EVELYNE|EVELYN
EVIE|EVE
EWA|EVA
EWAN|EVAN
FABIEN|FABIAN
FABIO|FABIAN
FADUMA|FATMA
FANNY|FRANCES
FARHAD|FARHAT
FAROUK|FAROOQ
FARRAH|FARAH
FARUK|FAROOQ
FATEMA|FATMA
FATEMEH|FATMA
FATIMAH|FATIMA
FATOU|FATMA
FAUZIA|FOZIA
FAWZIA|FOZIA
FAY|FAYE
FEDERICA|FREDERICA
FEDERICO|FREDERICK
FELICIA|FELICITY
FELIPE|PHILIP
FERDINAND|FERNANDO
FERNANDA|FERN
FFION|FIONA
FINLEY|FINLAY
FIONNUALA|NUALA
FLORA|FLORENCE
FLORRIE|FLORENCE
FLOSSIE|FLORENCE
FLOYD|LLOYD
FOUZIA|FOZIA
FRANCA|FRANCES
FRANCESCA|FRANCES
FRANCESCO|FRANCIS
FRANCINE|FRANCES
FRANCISCA|FRANCES
FRANCISCO|FRANCIS
FRANCISZEK|FRANCIS
FRANCO|FRANCIS
FRANKIE|FRANK
FRANKLYN|FRANKLIN
FRANZISKA|FRANCES
FRAZER|FRASER
FREDDIE|FREDERICK
FREDDY|FREDERICK
FREDERIC|FREDERICK
FREDERIQUE|FREDERICK
FREDRICK|FREDERICK
FUAD|FOUAD
GABRIELE|GABRIELA
GABRIELLA|GABRIELA
GABRIELLE|GABRIELA
GAIL|GALE
GALINA|HALINA
GARETH|GERALD
GARRETT|GERALD
GARRY|GARY
GAYE|GAY
GAYLE|GALE
GENE|EUGENE
GEOFF|GEOFFREY
GEORGES|GEORGE
GEORGIE|GEORGINA
GEORGIOS|GEORGE
GERARDO|GERARD
GERRARD|GERARD
GERRY|GERALD
GERTRUD|GERTRUDE
GIACOMO|JAMES
GIANNI|GIOVANNI
GILES|GILBERT
GILL|GILBERT
GINA|GEORGINA
GISELE|GISELA
GISELLE|GISELA
GIUSEPPE|JOSEPH
GIUSEPPINA|JOSEPHINE
GLEN|GLENN
GLENICE|GLENYS
GLENIS|GLENYS
GLENNIS|GLENYS
GLYN|GLENN
GLYNIS|GLENYS
GLYNN|GLENN
GLYNNE|GLENN
GODFREY|GEOFFREY
GRACIE|GRACE
GRAEME|GRAHAM
GRAHAME|GRAHAM
GREG|GREGORY
GREGG|GREGORY
GREGOR|GREGORY
GRETA|MARGARET
GUISEPPE|JOSEPH
GULAM|GHULAM
GWEN|GWENDOLINE
GWENDA|GWENDOLINE
GWENDOLEN|GWENDOLINE
GWENDOLYN|GWENDOLINE
GWENETH|GWYNETH
GWENLLIAN|GWENDOLINE
GWENNETH|GWYNETH
GWENYTH|GWYNETH
GWILYM|WILLIAM
GWLADYS|GLADYS
GWYNNETH|GWYNETH
HAFSAH|HAFSA
HAILEY|HALEY
HAKEEM|HAKIM
HAMAD|HAMID
HAMED|HAMID
HAMZAH|HAMZA
HANA|HANNAH
HANNA|HANNAH
HANNE|JOAN
HARIS|HARRY
HAROON|AARON
HARRIETT|HARRIET
HARRIS|HARRY
HARUN|AARON
HASAN|HASSAN
HASNA|HASINA
HAWA|EVA
HAYLEY|HALEY
HELENA|HELEN
HELENE|HELEN
HELLEN|HELEN
HENRI|HENRY
HENRIETTE|HENRIETTA
HENRIK|HENRY
HESTER|ESTHER
HETTIE|HARRIET
HETTY|HARRIET
HILDE|HILDA
HILLARY|HILARY
HIRA|EIRA
HOLLIE|HOLLY
HONORA|HONOR
HOSSEIN|HUSSAIN
HOWELL|HYWEL
HUMZA|HAMZA
HUSEYIN|HUSSAIN
HUSSEIN|HUSSAIN
HUW|HUGH
IAIN|IAN
IEUAN|JOHN
ILONA|HELEN
ILSE|ELIZABETH
INDRA|SURINDER
INES|AGNES
INEZ|AGNES
INGA|INGE
INGER|INGRID
IRENA|IRENE
IRINA|IRENE
IRSHAD|ARSHAD
IRVIN|IRVING
IRVINE|IRVING
ISA|ISABEL
ISABELL|ISABEL
ISABELLA|ISABEL
ISABELLE|ISABEL
ISHA|AISHA
ISHMAEL|ISMAEL
ISLAM|ASLAM
ISMAIL|ISMAEL
ISOBEL|ISABEL
ISTVAN|STEPHEN
IVANA|IVA
IWAN|JOHN
JACKIE|JACK
JACKY|JACK
JACLYN|JACQUELINE
JACOBUS|JACOB
JACQUELYN|JACQUELINE
JACQUES|JACK
JACQUI|JACQUELINE
JAIME|JAMES
JAIMIE|JAMES
JAK|JACK
JAKE|JACOB
JAKOB|JACOB
JAMIE|JAMES
JAN|JANE
JANA|JANE
JANELLE|JANE
JANETTE|JANET
JANIE|JANE
JANINA|JANINE
JANIS|JANICE
JANNETTE|JANET
JAQUELINE|JACQUELINE
JARROD|JARED
JASMIN|JASMINE
JAVID|JAVED
JAVIER|XAVIER
JAWAD|JAVED
JAYE|JAY
JAYNE|JANE
JAYSON|JASON
JAZMIN|JASMINE
JAZMINE|JASMINE
JEAN|JEANNE
JEANETTE|JEANNE
JEANIE|JEANNE
JEANINE|JANINE
JEANNETTE|JEANNE
JEANNIE|JEANNE
JEANNINE|JANINE
JEFF|GEOFFREY
JEFFERY|GEOFFREY
JEFFREY|GEOFFREY
JELENA|HELEN
JEMMA|GEMMA
JENIFER|JENNIFER
JENNA|JENNIFER
JENNI|JENNIFER
JENNIE|JENNIFER
JENNY|JENNIFER
JEREMIAH|JEREMY
JERRY|GERALD
JESS|JESSE
JESSIE|JESSE
JILLIAN|GILLIAN
JIM|JAMES
JIMMY|JAMES
JITENDRA|JATINDER
JO|JOSEPHINE
JO-ANN|JOAN
JO-ANNE|JOAN
JOANA|JOAN
JOANN|JOAN
JOANNA|JOAN
JOANNE|JOAN
JOAO|JOHN
JOAQUIM|JOACHIM
JOAQUIN|JOACHIM
JOCELYNE|JOCELYN
JODI|JUDITH
JODIE|JUDITH
JOE|JOSEPH
JOEY|JOSEPH
JOHAN|JOHN
JOHANN|JOHN
JOHANNA|JOAN
JOHANNE|JOAN
JOHANNES|JOHN
JOHNATHAN|JONATHAN
JOHNATHON|JONATHAN
JOHNNY|JOHN
JON|JONATHAN
JONAS|JOHN
JONATHON|JONATHAN
JONI|JOAN
JORDON|JORDAN
JORGE|GEORGE
JOSE|JOSEPH
JOSEF|JOSEPH
JOSEFA|JOSEPHINE
JOSEFINA|JOSEPHINE
JOSETTE|JOSEPHINE
JOSH|JOSHUA
JOSIE|JOSEPHINE
JOSS|JOCELYN
JOYCELYN|JOCELYN
JOZEF|JOSEPH
JUANA|JUANITA
JUDY|JUDITH
JULES|JULIAN
JULIANA|JULIE
JULIANNA|JULIE
JULIANNE|JULIE
JULIE-ANN|JULIE
JULIE-ANNE|JULIE
JULIEN|JULIAN
JULIET|JULIETTE
JULIO|JULIAN
JULIUS|JULIAN
JUSTINA|JUSTINE
JUTTA|JUDITH
KAITLIN|CATHERINE
KAITLYN|CATHERINE
KAM|CAMERON
KAMEL|KAMAL
KAMIL|KAMAL
KAMILA|CAMILLA
KARA|CARA
KARAM|KARIM
KARAN|KIRAN
KARI|CATHERINE
KARIN|KAREN
KARINA|KAREN
KARINE|KAREN
KARIS|CHARIS
KARLA|CARLA
KARLY|CARLA
KAROL|CAROL
KAROLINA|CAROLYN
KARON|KAREN
KARYN|KAREN
KASEY|KACEY
KASIM|QASIM
KATARINA|CATHERINE
KATARZYNA|CATHERINE
KATE|CATHERINE
KATELYN|CATHERINE
KATERINA|CATHERINE
KATHARINA|CATHERINE
KATHARINE|CATHERINE
KATHERINE|CATHERINE
KATHLYN|KATHLEEN
KATHRIN|CATHERINE
KATHRINE|CATHERINE
KATHRYN|CATHERINE
KATHY|CATHERINE
KATIE|CATHERINE
KATJA|CATHERINE
KATRIN|CATHERINE
KATRINA|CATHERINE
KATRINE|CATHERINE
KATY|CATHERINE
KAYE|KAY
KAYLEE|KAYLEY
KAYLEIGH|KAYLEY
KAYLIE|KAYLEY
KEELEY|KELLY
KEELY|KELLY
KEIRA|KIERA
KEIRAN|KIERAN
KEIRON|KIERAN
KELLEY|KELLY
KELLI|KELLY
KELLIE|KELLY
KELLY-ANN|KELLY-ANNE
KELSIE|KELSEY
KEMAL|KAMAL
KEN|KENNETH
KENNY|KENNETH
KEREN|KIERAN
KERI|KERRY
KERRI|KERRY
KERRIE|KERRY
KERRY-ANNE|KERRY-ANN
KERSTIN|CHRISTINE
KEVAN|KEVIN
KHADIJAH|KHADIJA
KHALID|KHALED
KIARA|KIERA
KIEREN|KIERAN
KIERON|KIERAN
KIM|KIMBERLEY
KIMBERLY|KIMBERLEY
KIRSTEEN|CHRISTINE
KIRSTEN|CHRISTINE
KIRSTIE|CHRISTINE
KIRSTIN|CHRISTINE
KIRSTY|CHRISTINE
KIT|CATHERINE
KITTY|CATHERINE
KLAUS|NICHOLAS
KOMAL|KAMAL
KONSTANTINOS|CONSTANTINE
KRIS|CHRISTOPHER
KRISHAN|KRISHNA
KRISTA|CHRISTINE
KRISTEN|CHRISTINE
KRISTI|CHRISTINE
KRISTIAN|CHRISTIAN
KRISTIE|CHRISTINE
KRISTIN|CHRISTINE
KRISTINA|CHRISTINE
KRISTINE|CHRISTINE
KRISTOFER|CHRISTOPHER
KRISTOPHER|CHRISTOPHER
KRISTY|CHRISTINE
KRYSTAL|CRYSTAL
KRYSTLE|CRYSTAL
KRYSTYNA|CHRISTINE
KULDEEP|KULDIP
KULWINDER|KULVINDER
KURT|CURTIS
KURTIS|CURTIS
KYLIE|KYLE
KYM|KIMBERLEY
KYRAN|KIERAN
LAETITIA|LETITIA
LAILA|LILA
LANA|ALANA
LARA|LARISSA
LARAINE|LORAINE
LARRY|LAWRENCE
LARS|LAWRENCE
LAURE|LAURA
LAUREEN|LAURA
LAUREL|LAURA
LAUREN|LAURA
LAURENCE|LAWRENCE
LAURETTA|LAURA
LAURIE|LAURA
LAURYN|LAURA
LAVINIA|LAVINA
LAYLA|LILA
LEA|LEAH
LEANN|LEANNE
LEANNA|LEANNE
LEE-ANN|LEANNE
LEE-ANNE|LEANNE
LEEANN|LEANNE
LEEANNE|LEANNE
LEELA|LILA
LEENA|HELEN
LEESA|ELIZABETH
LEIA|LEAH
LEIGH|LEE
LEILA|LILA
LENA|HELEN
LEONARDO|LEONARD
LEONORA|ELEANOR
LESLIE|LESLEY
LETICIA|LETITIA
LEWIS|LOUIS
LEYLA|LILA
LIA|LEAH
LIANA|LEANNE
LIANE|LEANNE
LIANNE|LEANNE
LIBBY|ELIZABETH
LIDIA|LYDIA
LILI|LILIAN
LILIA|LILIAN
LILIANA|LILIAN
LILLIAN|LILIAN
LILLIE|LILIAN
LILLY|LILIAN
LILY|LILIAN
LINDSEY|LINDSAY
LINDY|LINDA
LINSEY|LINDSAY
LINZI|LINDSAY
LIONEL|LEON
LISA|ELIZABETH
LISA-MARIE|ELIZABETH
LISE|ELIZABETH
LIZA|ELIZABETH
LIZZIE|ELIZABETH
LOLA|DOLORES
LOLITA|DOLORES
LORA|LAURA
LOREN|LAWRENCE
LORENA|LAURA
LORENZO|LAWRENCE
LORI|LAURA
LOTTIE|CHARLOTTE
LOUIE|LOUIS
LOUISA|LOUISE
LOWRI|LAURA
LUC|LUKE
LUCA|LUKE
LUCAS|LUKE
LUCIE|LUCILLE
LUCINDA|LUCIA
LUCY|LUCILLE
LUIGI|LOUIS
LUIS|LOUIS
LUISA|LOUISE
LUKAS|LUKE
LYN|LYNN
LYNDSAY|LINDSAY
LYNDSEY|LINDSAY
LYNETTE|LYNN
LYNNE|LYNN
LYNNETTE|LYNN
LYNSEY|LINDSAY
MABLE|MABEL
MADDISON|MADISON
MADELAINE|MADELINE
MADELEINE|MADELINE
MADGE|MARGARET
MAGALI|MARGARET
MAGDA|MADELINE
MAGDALEN|MADELINE
MAGDALENA|MADELINE
MAGDALENE|MADELINE
MAGGIE|MARGARET
MAHAMED|MOHAMMAD
MAHDI|MEHDI
MAHMOUD|MAHMOOD
MAHMUD|MAHMOOD
MAHOMED|MOHAMMAD
MAIA|MAYA
MAIR|MARY
MAIREAD|MARGARET
MALIN|MADELINE
MANDIP|MANDEEP
MANDY|AMANDA
MANSOUR|MANSOOR
MANUEL|EMMANUEL
MANZOOR|MANSOOR
MARA|MARY
MARALYN|MARILYN
MARC|MARK
MARCEL|MARCELLUS
MARCELA|MARCELLA
MARCELLE|MARCELLA
MARCELO|MARCELLUS
MARCIN|MARTIN
MAREK|MARK
MARGARETA|MARGARET
MARGARETE|MARGARET
MARGARETTA|MARGARET
MARGARITA|MARGARET
MARGERY|MARGARET
MARGHERITA|MARGARET
MARGIT|MARGARET
MARGO|MARGARET
MARGOT|MARGARET
MARGRET|MARGARET
MARGUERITA|MARGARET
MARGUERITE|MARGARET
MARI|MARY
MARIA|MARY
MARIAH|MARY
MARIAM|MARY
MARIANA|MARIAN
MARIANNA|MARIAN
MARIANNE|MARIAN
MARIE|MARY
MARION|MARY
MARIOS|MARIO
MARISA|MARISSA
MARITA|MARY
MARJORIE|MARGARET
MARJORY|MARGARET
MARKO|MARK
MARKUS|MARK
MARSHA|MARCIA
MARTA|MARTHA
MARTINE|MARTINA
MARVIN|MERVIN
MARY-ANN|MARIAN
MARY-ANNE|MARIAN
MARYAM|MARY
MARYANN|MARIAN
MARYANNE|MARIAN
MARYLYN|MARILYN
MASOUD|MASOOD
MASSIMO|MAXIMILIAN
MATHEW|MATTHEW
MATHIAS|MATTHEW
MATHIEU|MATTHEW
MATHILDE|MATILDA
MATT|MATTHEW
MATTEO|MATTHEW
MATTHIAS|MATTHEW
MAUD|MAUDE
MAURA|MAUREEN
MAURICIO|MAURICE
MAX|MAXIMILIAN
MAXIMILLIAN|MAXIMILIAN
MD|MOHAMMAD
MEENA|MINA
MEG|MARGARET
MEGAN|MARGARET
MEGHAN|MARGARET
MEHBOOB|MAHBOOB
MEHMET|MOHAMMAD
MELINDA|LINDA
MELISA|MELISSA
MELLISSA|MELISSA
MELVIN|MELVYN
MENNA|MINA
MERLYN|MARILYN
MERYEM|MIRIAM
MERYL|MURIEL
MHAIRI|MARY
MICHAELA|MICHELLE
MICHAL|MICHAEL
MICHEAL|MICHAEL
MICHEL|MICHAEL
MICHELE|MICHELLE
MIGUEL|MICHAEL
MIKE|MICHAEL
MILLIE|MILDRED
MILLY|MILDRED
MILO|MILES
MIMI|MARY
MINNIE|WILHELMINA
MIRA|MEERA
MITCHEL|MICHAEL
MITCHELL|MICHAEL
MOHAMAD|MOHAMMAD
MOHAMED|MOHAMMAD
MOHAMMED|MOHAMMAD
MOHMED|MOHAMMAD
MOHSEN|MOHSIN
MOLLIE|MARY
MOLLY|MARY
MONIKA|MONICA
MONIQUE|MONICA
MORRIS|MAURICE
MOSHE|MOSES
MOSTAFA|MUSTAFA
MOYA|MARY
MUHAMMAD|MOHAMMAD
MUHAMMED|MOHAMMAD
MUNA|MONA
MUSA|MOSES
MUSTAPHA|MUSTAFA
MYLES|MILES
MYRIAM|MIRIAM
NABEEL|NABIL
NABEELA|NABILA
NADIM|NADEEM
NADINE|NADIA
NADIR|NADER
NAHID|NAHEED
NAHIDA|NAHEED
NAN|NANCY
NANCIE|NANCY
NANETTE|ANNA
NARENDRA|NARINDER
NASAR|NASIR
NASEER|NASIR
NASER|NASIR
NASIM|NASEEM
NASRA|NUSRAT
NASRIN|NASREEN
NASSER|NASIR
NATACHA|NATASHA
NATALIA|NATALIE
NATALYA|NATALIE
NATHALIE|NATALIE
NATHANAEL|NATHANIEL
NAZAR|NAZIR
NEAL|NEIL
NEILL|NEIL
NELL|HELEN
NELLIE|HELEN
NELLY|HELEN
NESTA|AGNES
NEVE|NEVA
NIA|NIAMH
NICHOLA|NICOLE
NICHOLE|NICOLE
NICK|NICHOLAS
NICKI|NICOLE
NICKOLAS|NICHOLAS
NICKY|NICHOLAS
NICO|NICHOLAS
NICOL|NICOLE
NICOLA|NICHOLAS
NICOLAS|NICHOLAS
NICOLETTE|NICOLE
NICOLLE|NICOLE
NICOS|NICHOLAS
NIK|NICHOLAS
NIKI|NICOLE
NIKKI|NICOLE
NIKOLA|NICHOLAS
NIKOLAOS|NICHOLAS
NIKOLAS|NICHOLAS
NILS|NICHOLAS
NISAR|NASIR
NITA|JUANITA
NOOR|NORA
NORAH|NORA
NOREEN|NORA
NUR|NORA
OLIVIER|OLIVER
OMER|OMAR
OPHELIA|OFELIA
OSMAN|USMAN
OSWALD|OSVALDO
OWAIN|OWEN
PAOLO|PAUL
PARKASH|PRAKASH
PARVIN|PARVEEN
PASCALE|PASCAL
PAT|PATRICIA
PATRICA|PATRICIA
PATRICE|PATRICIA
PATSY|PATRICIA
PAULINA|PAULINE
PAULO|PAUL
PAWEL|PAUL
PEDRO|PETER
PEGGY|MARGARET
PENNY|PENELOPE
PERCY|PERCIVAL
PETA|PETER
PETRINA|PETRA
PHILIPP|PHILIP
PHILIPPE|PHILIP
PHILLIP|PHILIP
PHILLIPA|PHILIPPA
PHILLIPPA|PHILIPPA
PHYLIS|PHYLLIS
PHYLISS|PHYLLIS
PIERS|PETER
PIETRO|PETER
PIPPA|PHILIPPA
POLLY|MARY
RACHAEL|RACHEL
RACHEAL|RACHEL
RACHELLE|RACHEL
RACHID|RASHID
RAE|RACHEL
RAFAEL|RALPH
RAHEEM|RAHIM
RAHMA|RAHIMA
RAHMAN|ABDIRAHMAN
RAJESH|RAJ
RAMA|RAM
RAMAN|ABDIRAHMAN
RAMON|RAYMOND
RANDALL|RANDOLPH
RAPHAEL|RALPH
RAQUEL|RACHEL
RAY|RAYMOND
REBECA|REBECCA
REBEKAH|REBECCA
REEMA|RIMA
REENA|RENEE
REGGIE|REGINALD
REHANA|RHIAN
REMY|REMI
RENATA|RENATE
RENATO|RENEE
RENE|RENEE
REUBEN|RUBEN
RHIANNA|RHIANNON
RHIANNE|RHIANNON
RHONA|RONA
RHYS|REECE
RIA|MARY
RIANNA|RHIANNON
RIANNE|RHIANNON
RICARDO|RICHARD
RICCARDO|RICHARD
RICHIE|RICHARD
RICK|RICHARD
RICKI|RICHARD
RICKIE|RICHARD
RICKY|RICHARD
RITCHIE|RICHARD
ROB|ROBERT
ROBBIE|ROBERT
ROBERTO|ROBERT
RODGER|ROGER
RODRIGO|RODERICK
ROLF|RUDOLPH
ROMY|ROSEMARY
RON|RONALD
RONNIE|RONALD
ROSALEEN|ROSALYN
ROSALIA|ROSALIE
ROSALINE|ROSALYN
ROSAMOND|ROSA
ROSAMUND|ROSA
ROSANNA|ROSEANN
ROSANNE|ROSEANN
ROSARIA|ROSARIO
ROSEANNA|ROSEANN
ROSEANNE|ROSEANN
ROSELINE|ROSALYN
ROSELYN|ROSALYN
ROSEMARIE|ROSEMARY
ROSETTA|ROSA
ROSIE|ROSE
ROSINA|ROSA
ROSITA|ROSA
ROSLYN|ROSALYN
ROSSLYN|ROSALYN
ROWLAND|ROLAND
ROXANA|ROXANNE
RUBINA|RUBY
RUDOLF|RUDOLPH
RUDY|RUDOLPH
RUI|RODERICK
RUKHSANA|ROXANNE
RUSSEL|RUSSELL
SAAD|SAEED
SAADIA|SADIA
SABA|SABAH
SABINE|SABINA
SACHA|ALEXANDER
SADIE|SARAH
SAEEDA|SAIDA
SAFIYA|SAFIA
SAHRA|SARAH
SAJAD|SAJID
SAJJAD|SAJID
SALAH|SALEH
SALEEM|SALIM
SALEM|SALIM
SALIH|SALEH
SALLIE|SARAH
SALLY|SARAH
SALLY-ANN|SALLYANN
SALLY-ANNE|SALLYANN
SALMAN|SULEMAN
SALVATORE|SALVADOR
SAM|SAMUEL
SAMAR|SAMIR
SAMEER|SAMIR
SAMEERA|SAMIRA
SAMERA|SAMIRA
SAMI|SAMUEL
SAMMY|SAMUEL
SAMUAL|SAMUEL
SANAA|SANA
SANAH|SANA
SANDIE|SANDRA
SANDY|SANDRA
SANNA|SANA
SARA|SARAH
SARAH-JAYNE|SARAH-JANE
SARINA|SARAH
SARITA|SARAH
SASCHA|ALEXANDER
SASHA|ALEXANDER
SAYED|SYED
SCARLET|SCARLETT
SCOT|SCOTT
SEAMUS|JAMES
SEBASTIEN|SEBASTIAN
SEEMA|SAIMA
SELENA|SELINA
SEYED|SYED
SHABINA|SHABANA
SHAHANA|SHAHINA
SHAHIN|SHAHEEN
SHAN|JEANNE
SHANE|SEAN
SHANNEN|SHANNON
SHANTELLE|CHANTEL
SHARLENE|CHARLENE
SHARRON|SHARON
SHARYN|SHARON
SHAUN|SEAN
SHAWN|SEAN
SHAY|SHEA
SHAYNE|SEAN
SHEELA|SHEILA
SHEELAGH|SHEILA
SHELAGH|SHEILA
SHELLEY|SHELLY
SHEREE|CHERYL
SHEREEN|SHIRIN
SHERI|CHERYL
SHERIF|SHARIF
SHERRI|CHERYL
SHERRIE|CHERYL
SHERRY|CHERYL
SHERYL|CHERYL
SHIELA|SHEILA
SHIREEN|SHIRIN
SILVIA|SYLVIA
SIMA|SAIMA
SIMEON|SIMON
SIMONA|SIMONE
SION|JOHN
SOFIA|SOPHIE
SOFIE|SOPHIE
SONJA|SONIA
SONYA|SONIA
SOPHIA|SOPHIE
STACEY|STACY
STACIE|STACY
STANISLAW|STANLEY
STEFAN|STEPHEN
STEFANIA|STEPHANIE
STEFANIE|STEPHANIE
STEFANO|STEPHEN
STEFFAN|STEPHEN
STEPHAN|STEPHEN
STEPHANE|STEPHANIE
STEVAN|STEPHEN
STEVE|STEPHEN
STEVEN|STEPHEN
STEVIE|STEPHEN
STEWART|STUART
SU|SUSAN
SUE|SUSAN
SUFIA|SAFIA
SUHAIL|SOHAIL
SULAIMAN|SULEMAN
SULEYMAN|SULEMAN
SURENDRA|SURINDER
SUSANA|SUSAN
SUSANNA|SUSAN
SUSANNAH|SUSAN
SUSANNE|SUSAN
SUSIE|SUSAN
SUZAN|SUSAN
SUZANNA|SUSAN
SUZANNAH|SUSAN
SUZANNE|SUSAN
SUZETTE|SUSAN
SUZIE|SUSAN
SUZY|SUSAN
SYDNEY|SIDNEY
SYLVIE|SYLVIA
TAHERA|TAHIRA
TAMMIE|TAMARA
TAMMY|TAMARA
TAMSYN|TAMSIN
TAMZIN|TAMSIN
TANIA|TANYA
TANISHA|TANYA
TANJA|TANYA
TAREK|TARIQ
TARIK|TARIQ
TARYN|TARA
TASHA|NATASHA
TED|THEODORE
TEDDY|THEODORE
TERANCE|TERRENCE
TERENCE|TERRENCE
TERESITA|TERESA
TERI|TERESA
TERRANCE|TERRENCE
TERRI|TERESA
TERRIE|TERESA
TESS|TERESA
TESSA|TERESA
THEA|DOROTHY
THEO|THEODORE
THEODOROS|THEODORE
THERESA|TERESA
THERESE|TERESA
TIANA|CHRISTINE
TILLY|MATILDA
TIM|TIMOTHY
TINA|CHRISTINE
TOBY|TOBIAS
TOM|THOMAS
TOMAS|THOMAS
TOMASZ|THOMAS
TOMMY|THOMAS
TOMOS|THOMAS
TONI|ANTONIA
TONIA|ANTONIA
TONY|ANTHONY
TONYA|TANYA
TORI|VICTORIA
TRACEY|TRACY
TRACIE|TRACY
TRICIA|PATRICIA
TRINA|CATHERINE
TRISHA|PATRICIA
TRUDI|GERTRUDE
TRUDIE|GERTRUDE
TRUDY|GERTRUDE
TY|TYLER
TYRON|TYRONE
UMAR|OMAR
VALENTINE|VALENTINA
VALERIA|VALERIE
VAN|IVAN
VANDA|WANDA
VELMA|WILMA
VERENA|VERNA
VERONIKA|VERONICA
VERONIQUE|VERONICA
VICKI|VICTORIA
VICKIE|VICTORIA
VICKY|VICTORIA
VIKKI|VICTORIA
VILMA|WILMA
VINCENZO|VINCENT
VIOLETA|VIOLET
VIOLETTA|VIOLET
VIRGINIE|VIRGINIA
VITTORIO|VICTOR
VIVIANE|VIVIAN
VIVIEN|VIVIAN
VIVIENNE|VIVIAN
WAHID|WAHEED
WAI|WEI
WALEED|WALID
WASEEM|WASIM
WEE|WEI
WILFRID|WILFRED
WILL|WILLIAM
WILLIAMINA|WILHELMINA
WILLIE|WILLIAM
WILLIS|WILLIAM
WINNIE|WINIFRED
WM|WILLIAM
YAN|JOHN
YANN|JOHN
YASAR|YASIR
YASEMIN|JASMINE
YASMEEN|JASMINE
YASMIN|JASMINE
YASMINE|JASMINE
YASSER|YASIR
YAZMIN|JASMINE
YIANNIS|JOHN
YOKE|YUK
YOLANDE|YOLANDA
YOUSEF|JOSEPH
YOUSIF|JOSEPH
YOUSSEF|JOSEPH
YOUSUF|JOSEPH
YUSUF|JOSEPH
ZAC|ZACHARY
ZACH|ZACHARY
ZACHARIAH|ZACHARY
ZACK|ZACHARY
ZAHEER|ZARA
ZAHIR|ZARA
ZAHOOR|ZARA
ZAHRA|ZARA
ZAK|ZACHARY
ZAKARIA|ZACHARY
ZARAH|ZARA
ZAYNAB|ZAINAB
ZEINAB|ZAINAB
ZENA|ZINA
ZENAB|ZAINAB
ZOEY|ZOE
ZOFIA|SOPHIE
ZOHRA|ZORA
ZOWIE|ZOE
ZUBAIDA|ZUBEDA